0.0066864,0.2382354,10.2677250,212.6879272,0.0000000,0.0000000
-0.0157000,0.2479908,10.0174341,212.7404480,0.0000000,0.0000000
0.1247075,0.0734462,9.4799976,212.7929382,0.0000000,0.0000000
0.2180832,0.1807266,8.9360924,212.8455048,0.0000000,0.0000000
0.0797320,-0.0203124,8.2936687,212.8979645,0.0000000,0.0000000
-0.1264792,0.0715074,8.0825367,212.9504395,0.0000000,0.0000000
-0.0043522,0.0168713,7.4808784,213.0029755,0.0000000,0.0000000
0.0812349,0.2299713,6.8870916,213.0554504,0.0000000,0.0000000
0.2640086,0.0464254,6.1738644,213.1079407,0.0000000,0.0000000
0.0025045,0.1385531,5.7879496,213.1604919,0.0000000,0.0000000
0.1031296,0.2112430,5.2790403,213.2129822,0.0000000,0.0000000
0.1516240,0.0568279,4.6895585,213.2654266,0.0000000,0.0000000
0.0947934,0.2025457,4.5012555,213.3179932,0.0000000,0.0000000
-0.0775456,0.3430970,4.0038242,213.3704224,0.0000000,0.0000000
-0.2608210,0.3012948,3.5719695,213.4229584,0.0000000,0.0000000
0.1031494,0.5249354,3.1477654,213.4754333,0.0000000,0.0000000
-0.1004985,0.3678559,2.8523376,213.5279388,0.0000000,0.0000000
-0.0341031,0.4523279,2.5360098,213.5804291,0.0000000,0.0000000
-0.1629072,0.3141091,2.1571903,213.6329498,0.0000000,0.0000000
-0.2002865,0.4263339,1.7772425,213.6855011,0.0000000,0.0000000
-0.4134724,0.5770108,1.5438784,213.7379456,0.0000000,0.0000000
0.1086245,0.3160377,1.2705185,213.7904205,0.0000000,0.0000000
0.0062945,0.5163269,1.0877655,213.8429413,0.0000000,0.0000000
-0.1047060,0.6074716,0.9446483,213.8954926,0.0000000,0.0000000
-0.4713174,0.4780570,0.7011511,213.9479980,0.0000000,0.0000000
0.0013186,0.3127274,0.4733766,214.0004578,0.0000000,0.0000000
-0.4183354,0.1344053,0.2536280,214.0529785,0.0000000,0.0000000
-0.4378036,0.2687050,0.1799339,214.1054382,0.0000000,0.0000000
-0.0467501,0.1269890,-0.0995847,214.1579590,0.0000000,0.0000000
-0.0506901,0.2182517,-0.3775336,214.2104950,0.0000000,0.0000000
-0.2166231,0.1114889,-0.6598370,214.2630157,0.0000000,0.0000000
-0.3458027,-0.0741834,-0.7888688,214.3155060,0.0000000,0.0000000
-0.6020902,-0.0493059,-0.9442731,214.3680267,0.0000000,0.0000000
-0.2915823,-0.1374229,-1.0828975,214.4204559,0.0000000,0.0000000
-0.5315159,-0.0205310,-1.0936729,214.4729156,0.0000000,0.0000000
-0.6121629,-0.0673051,-1.0634439,214.5254669,0.0000000,0.0000000
-0.3771832,-0.0349986,-0.5191500,214.5779724,0.0000000,0.0000000
-0.3181129,-0.1074408,-0.0894499,214.6304474,0.0000000,0.0000000
-0.1222171,0.0094367,0.0950928,214.6829224,0.0000000,0.0000000
-0.0625494,-0.1367077,0.3816976,214.7354584,0.0000000,0.0000000
-0.3731757,-0.1600901,0.6705477,214.7879639,0.0000000,0.0000000
-0.2489337,-0.1865031,0.6915551,214.8405457,0.0000000,0.0000000
-0.1776670,0.0408298,0.6710464,214.8930054,0.0000000,0.0000000
-0.2349767,-0.1953746,0.6823008,214.9455109,0.0000000,0.0000000
-0.6942555,0.2084130,3.0313687,214.9979706,0.0000000,0.0000000
-0.4312406,-0.0782356,3.7919235,215.0504150,0.0000000,0.0000000
-0.2715330,-0.1738097,4.6391921,215.1029053,0.0000000,0.0000000
-0.3715447,-0.1430809,5.4589996,215.1554871,0.0000000,0.0000000
-0.0721241,0.1488354,6.0296402,215.2079163,0.0000000,0.0000000
0.0213002,0.0908754,7.3836832,215.2604675,0.0000000,0.0000000
-0.0795320,-0.1943626,8.2819796,215.3129120,0.0000000,0.0000000
-0.2533153,-0.1525296,9.1209345,215.3654022,0.0000000,0.0000000
-0.3286023,-0.1810818,9.4968634,215.4179382,0.0000000,0.0000000
-0.1646385,-0.1431574,10.1649265,215.4704895,0.0000000,0.0000000
-0.2363735,-0.0990368,10.7274933,215.5229187,0.0000000,0.0000000
-0.1779125,-0.1534951,11.1931763,215.5754700,0.0000000,0.0000000
-0.0912142,-0.1179963,11.4428854,215.6279602,0.0000000,0.0000000
-0.1213240,-0.1110173,11.7980337,215.6804810,0.0000000,0.0000000
-0.0516583,-0.1092196,12.1706028,215.7329254,0.0000000,0.0000000
-0.0139463,-0.0441030,12.4577446,215.7854004,0.0000000,0.0000000
-0.1352559,-0.1091657,12.5737944,215.8379364,0.0000000,0.0000000
-0.1127315,-0.0890658,12.8082104,215.8904266,0.0000000,0.0000000
-0.0078978,-0.0287271,13.0348377,215.9429626,0.0000000,0.0000000
0.0118697,-0.0357185,13.1195145,215.9954834,0.0000000,0.0000000
-0.1295399,-0.0740313,13.2705154,216.0479279,0.0000000,0.0000000
-0.0388944,-0.1923416,13.3880033,216.1004639,0.0000000,0.0000000
-0.1083329,-0.2328636,13.4919395,216.1529541,0.0000000,0.0000000
-0.0999633,-0.0750717,13.5947704,216.2054138,0.0000000,0.0000000
-0.2802056,-0.0463453,13.6538191,216.2579346,0.0000000,0.0000000
-0.0045397,-0.1523118,13.7209215,216.3104095,0.0000000,0.0000000
-0.0871298,-0.0668024,13.7868576,216.3629150,0.0000000,0.0000000
-0.1399298,-0.1088754,13.8789921,216.4154205,0.0000000,0.0000000
-0.1399298,-0.1088754,13.8789921,216.4680176,0.0000000,0.0000000
0.0217828,0.0089473,13.9488525,216.5204315,0.0000000,0.0000000
0.0300364,-0.0257836,14.0177393,216.5728912,0.0000000,0.0000000
0.0427411,-0.1223377,14.0179882,216.6254272,0.0000000,0.0000000
-0.0892941,-0.0544831,14.0578461,216.6779022,0.0000000,0.0000000
-0.1294639,-0.0277026,14.1090994,216.7304382,0.0000000,0.0000000
-0.2547611,-0.1561531,14.1071243,216.7828979,0.0000000,0.0000000
-0.1330814,0.0269792,14.1634693,216.8354645,0.0000000,0.0000000
-0.0733187,-0.0454311,14.1681566,216.8878937,0.0000000,0.0000000
-0.0744733,-0.0504583,14.1944723,216.9404449,0.0000000,0.0000000
-0.1761840,-0.1118268,14.1766300,216.9929657,0.0000000,0.0000000
-0.2163641,-0.1504425,13.9341669,217.0454865,0.0000000,0.0000000
-0.1211328,-0.1786501,13.3024597,217.0979919,0.0000000,0.0000000
0.0434616,-0.0283030,12.9345055,217.1504974,0.0000000,0.0000000
-0.0191675,-0.0340411,11.9317560,217.2029724,0.0000000,0.0000000
-0.2583904,-0.0901260,10.7977810,217.2554626,0.0000000,0.0000000
-0.1626293,-0.0598940,9.7240248,217.3079529,0.0000000,0.0000000
-0.0482042,-0.0684451,9.1601934,217.3605042,0.0000000,0.0000000
-0.2407583,-0.1104597,8.1757650,217.4129486,0.0000000,0.0000000
-0.0512384,-0.2084534,7.3802509,217.4654236,0.0000000,0.0000000
-0.0084111,-0.2365785,7.0008736,217.5179901,0.0000000,0.0000000
-0.1819259,-0.2665299,6.1830335,217.5704346,0.0000000,0.0000000
-0.3217943,-0.1499615,5.4874954,217.6229553,0.0000000,0.0000000
0.0088914,-0.3171819,4.9567428,217.6754303,0.0000000,0.0000000
-0.0220758,-0.0485132,4.8272991,217.7279510,0.0000000,0.0000000
-0.1842892,0.1528808,4.4931850,217.7805023,0.0000000,0.0000000
-0.4667292,-0.0353885,4.0551934,217.8329468,0.0000000,0.0000000
-0.0093875,0.0655062,3.5657060,217.8854828,0.0000000,0.0000000
-0.0814232,0.2019419,3.3175645,217.9379425,0.0000000,0.0000000
-0.1130321,0.1367649,2.8526895,217.9904480,0.0000000,0.0000000
-0.1617056,0.2337680,2.5301008,218.0429993,0.0000000,0.0000000
-0.1297451,0.1670130,2.1308546,218.0955200,0.0000000,0.0000000
0.2481124,0.3319534,2.0072122,218.1480255,0.0000000,0.0000000
-0.0273960,0.1845235,1.5435128,218.2004547,0.0000000,0.0000000
-0.2110912,0.0782304,1.2047276,218.2529449,0.0000000,0.0000000
-0.3794030,0.1466576,1.1023153,218.3054657,0.0000000,0.0000000
-0.8437038,0.2464091,0.7910236,218.3580017,0.0000000,0.0000000
-0.4322865,0.2761781,0.5965457,218.4104919,0.0000000,0.0000000
-0.6693873,0.2176517,0.3825282,218.4629974,0.0000000,0.0000000
-0.3349882,0.0654583,0.3509468,218.5154419,0.0000000,0.0000000
-0.5582491,0.1834898,0.0445396,218.5680084,0.0000000,0.0000000
-0.6497639,0.3751995,-0.2230234,218.6204224,0.0000000,0.0000000
-0.6153526,0.1721026,-0.2932863,218.6730347,0.0000000,0.0000000
-0.3625480,0.1131025,-0.6076627,218.7254791,0.0000000,0.0000000
-0.4862565,0.0884752,-0.8136892,218.7779541,0.0000000,0.0000000
-0.4664670,0.2332296,-1.0684559,218.8305054,0.0000000,0.0000000
-0.7507747,0.0064796,-1.1690602,218.8829346,0.0000000,0.0000000
-0.3773758,0.0505246,-1.3973866,218.9354401,0.0000000,0.0000000
-0.6124260,0.1508671,-1.5738723,218.9879761,0.0000000,0.0000000
-0.5089432,-0.0356732,-1.6956294,219.0405273,0.0000000,0.0000000
-0.4397519,0.3660935,-1.6985245,219.0930023,0.0000000,0.0000000
-0.4575910,0.1070557,-1.7246987,219.1454926,0.0000000,0.0000000
-0.4452649,0.0156273,-1.7758975,219.1979523,0.0000000,0.0000000
-0.5567414,0.0496122,-1.8438238,219.2504883,0.0000000,0.0000000
-0.5572873,-0.1365620,-1.9474735,219.3029785,0.0000000,0.0000000
-0.5309574,0.0276486,-2.1877122,219.3554535,0.0000000,0.0000000
-0.3704088,-0.0006437,-2.2744210,219.4079590,0.0000000,0.0000000
-0.3791208,-0.1440633,-2.3333790,219.4604492,0.0000000,0.0000000
-0.5000987,0.4446648,-2.3110623,219.5129852,0.0000000,0.0000000
-0.5375241,-0.0654279,-2.5648780,219.5655060,0.0000000,0.0000000
-0.4581085,-0.0434318,-2.6113377,219.6179504,0.0000000,0.0000000
-0.4333846,-0.0057564,-2.9408484,219.6705170,0.0000000,0.0000000
-0.4536936,0.1985537,-3.0098011,219.7229462,0.0000000,0.0000000
-0.5279198,0.1321432,-3.0807798,219.7754364,0.0000000,0.0000000
-0.1570879,0.0549004,-3.1296940,219.8279724,0.0000000,0.0000000
-0.2392292,0.2733538,-3.2397199,219.8804474,0.0000000,0.0000000
-0.1886744,0.0804831,-3.3364165,219.9329987,0.0000000,0.0000000
-0.3307610,0.3284487,-3.4159467,219.9854584,0.0000000,0.0000000
-0.1556058,0.1348036,-3.4679823,220.0379486,0.0000000,0.0000000
-0.4880518,0.1094151,-3.5054004,220.0904236,0.0000000,0.0000000
-0.0879886,0.2048802,-3.3346157,220.1430054,0.0000000,0.0000000
-0.4231339,0.0900872,-3.1603584,220.1954803,0.0000000,0.0000000
-0.1922030,-0.0032986,-3.0233181,220.2479401,0.0000000,0.0000000
-0.4875015,0.0483415,-2.8948555,220.3004456,0.0000000,0.0000000
-0.2900504,0.0933424,-2.8545663,220.3530121,0.0000000,0.0000000
-0.2777286,0.1182578,-2.9028599,220.4055023,0.0000000,0.0000000
-0.3114754,0.1460995,-2.9893150,220.4579468,0.0000000,0.0000000
-0.1599192,0.0134319,-3.1392312,220.5104675,0.0000000,0.0000000
-0.3524667,-0.0030321,-3.1909306,220.5629425,0.0000000,0.0000000
-0.5610459,0.2586094,-3.2675445,220.6154938,0.0000000,0.0000000
-0.3290624,0.3083278,-3.3794551,220.6680145,0.0000000,0.0000000
-0.0993742,0.1789286,-3.4721968,220.7204285,0.0000000,0.0000000
-0.2198873,0.2077074,-3.4114463,220.7729340,0.0000000,0.0000000
-0.2535909,0.3323196,-3.3448000,220.8255157,0.0000000,0.0000000
-0.4635454,0.1216685,-3.3235166,220.8779144,0.0000000,0.0000000
-0.6427009,0.1867473,-3.2672729,220.9304962,0.0000000,0.0000000
-0.1536336,0.2953374,-3.3111506,220.9829407,0.0000000,0.0000000
-0.2482117,0.2974114,-3.3097270,221.0355225,0.0000000,0.0000000
0.0170879,0.1987686,-3.3776333,221.0879211,0.0000000,0.0000000
-0.5904047,0.2017035,-3.3204727,221.1405182,0.0000000,0.0000000
-0.1976115,0.1612502,-3.3733077,221.1929169,0.0000000,0.0000000
-0.2560721,0.2013263,-3.3824756,221.2454681,0.0000000,0.0000000
-0.2135647,0.1118386,-3.4103129,221.2979736,0.0000000,0.0000000
-0.3436154,0.3766905,-3.3935239,221.3504944,0.0000000,0.0000000
-0.3063835,0.1786267,-3.4237878,221.4029999,0.0000000,0.0000000
-0.4531896,0.1726825,-3.4439113,221.4554443,0.0000000,0.0000000
-0.4566700,0.0681887,-3.5156186,221.5079346,0.0000000,0.0000000
-0.2490361,0.0875169,-3.5324016,221.5604706,0.0000000,0.0000000
-0.4293838,0.0441457,-3.5379503,221.6129150,0.0000000,0.0000000
-0.1172985,0.0003630,-3.5794241,221.6654510,0.0000000,0.0000000
-0.2641792,-0.0706284,-3.4556684,221.7179413,0.0000000,0.0000000
-0.2143071,0.0728216,-3.3622646,221.7704926,0.0000000,0.0000000
-0.2222347,-0.0586181,-3.1797590,221.8229370,0.0000000,0.0000000
-0.2506699,-0.0210033,-3.1155977,221.8755035,0.0000000,0.0000000
-0.5271140,-0.1379646,-3.1015222,221.9280090,0.0000000,0.0000000
-0.3481286,-0.1301954,-3.1760921,221.9804382,0.0000000,0.0000000
-0.2345551,-0.3020628,-3.1738319,222.0330353,0.0000000,0.0000000
-0.2173498,-0.4179426,-3.2852836,222.0855103,0.0000000,0.0000000
-0.2923899,-0.2948887,-3.3766367,222.1380157,0.0000000,0.0000000
-0.2329320,-0.3161189,-3.4279635,222.1905060,0.0000000,0.0000000
-0.2343055,-0.5477430,-3.5088871,222.2430115,0.0000000,0.0000000
-0.4830735,-0.5052325,-3.5741110,222.2955017,0.0000000,0.0000000
-0.4738649,-0.4901606,-3.6232243,222.3479919,0.0000000,0.0000000
-0.3109066,-0.4216440,-3.7256429,222.4005127,0.0000000,0.0000000
-0.3492775,-0.5779699,-3.7941158,222.4529572,0.0000000,0.0000000
-0.5109773,-0.5420628,-3.7947323,222.5055084,0.0000000,0.0000000
-0.2237840,-0.4116360,-3.9137499,222.5579987,0.0000000,0.0000000
-0.4992713,-0.3998630,-3.9176004,222.6104889,0.0000000,0.0000000
-0.4766484,-0.4122087,-3.9164293,222.6630402,0.0000000,0.0000000
-0.3836831,-0.2510776,-3.9174545,222.7154388,0.0000000,0.0000000
-0.3973891,-0.2132038,-3.9248662,222.7679901,0.0000000,0.0000000
-0.3521250,-0.3092351,-3.9244473,222.8205109,0.0000000,0.0000000
-0.3908339,-0.2307533,-3.9068203,222.8730316,0.0000000,0.0000000
-0.4534548,-0.2026785,-3.9006977,222.9255066,0.0000000,0.0000000
-0.3001726,-0.2104265,-3.9005232,222.9779663,0.0000000,0.0000000
-0.5375677,-0.0262728,-3.8686481,223.0305023,0.0000000,0.0000000
-0.3108262,-0.1865391,-3.8751915,223.0829926,0.0000000,0.0000000
-0.5072247,0.0066664,-3.8425503,223.1354675,0.0000000,0.0000000
-0.4179867,-0.1118685,-3.8531382,223.1879730,0.0000000,0.0000000
-0.4051943,0.0325708,-3.8556092,223.2405243,0.0000000,0.0000000
-0.5813235,-0.0141629,-3.8304827,223.2929382,0.0000000,0.0000000
-0.3418723,-0.0316580,-3.8458407,223.3454742,0.0000000,0.0000000
-0.3582428,-0.0664392,-3.8509905,223.3979797,0.0000000,0.0000000
-0.3730527,0.0918360,-3.8622353,223.4504547,0.0000000,0.0000000
-0.5883325,0.0478576,-3.8378711,223.5029602,0.0000000,0.0000000
-0.1836179,-0.0313161,-3.8901887,223.5555115,0.0000000,0.0000000
-0.3848520,-0.0303527,-3.8782802,223.6079407,0.0000000,0.0000000
-0.3603613,0.0864499,-3.8843191,223.6604919,0.0000000,0.0000000
-0.6742727,-0.0334214,-3.8424447,223.7129669,0.0000000,0.0000000
-0.7481739,0.0916333,-3.8417325,223.7654572,0.0000000,0.0000000
-0.2978581,-0.1060564,-3.9028728,223.8179626,0.0000000,0.0000000
-0.5763476,0.1512114,-3.8689587,223.8705139,0.0000000,0.0000000
-0.4781975,-0.1349298,-3.8812525,223.9229584,0.0000000,0.0000000
-0.5608881,-0.1769412,-3.8811324,223.9754639,0.0000000,0.0000000
-0.3600726,-0.0041890,-3.8868058,224.0280151,0.0000000,0.0000000
-0.6988196,-0.0430646,-3.8522696,224.0805054,0.0000000,0.0000000
-0.6384806,-0.0353213,-3.8620527,224.1329956,0.0000000,0.0000000
-0.5220237,-0.0977750,-3.8424037,224.1854858,0.0000000,0.0000000
-0.6727484,0.0010001,-3.8230491,224.2379761,0.0000000,0.0000000
-0.3223906,-0.0619441,-3.8565698,224.2904358,0.0000000,0.0000000
-0.2538081,-0.1554207,-3.8359134,224.3430176,0.0000000,0.0000000
-0.6174956,0.0150963,-3.7717664,224.3954926,0.0000000,0.0000000
-0.3704720,-0.1476150,-3.7777357,224.4479523,0.0000000,0.0000000
-0.2750682,-0.2353952,-3.7614484,224.5004425,0.0000000,0.0000000
-0.6758435,-0.0036342,-3.6965253,224.5530090,0.0000000,0.0000000
-0.6220001,-0.0548614,-3.6953034,224.6054688,0.0000000,0.0000000
-0.3159723,-0.2453082,-3.7085052,224.6579590,0.0000000,0.0000000
-0.4467492,0.0074009,-3.6632986,224.7104645,0.0000000,0.0000000
-0.5700831,-0.2265977,-3.6112123,224.7630157,0.0000000,0.0000000
-0.5999047,-0.2151081,-3.5986280,224.8154449,0.0000000,0.0000000
-0.5213957,-0.1698592,-3.5909450,224.8680115,0.0000000,0.0000000
-0.5204290,-0.0711470,-3.5088558,224.9205017,0.0000000,0.0000000
-0.4667403,-0.1783412,-3.5594282,224.9729309,0.0000000,0.0000000
-0.4872232,-0.1791282,-3.5474310,225.0254822,0.0000000,0.0000000
-0.6367108,-0.0243772,-3.5111258,225.0779724,0.0000000,0.0000000
-0.5113336,-0.1020053,-3.5145612,225.1304626,0.0000000,0.0000000
-0.4707892,-0.0732898,-3.5086327,225.1829376,0.0000000,0.0000000
-0.6618188,-0.1744116,-3.4804926,225.2355194,0.0000000,0.0000000
-0.5927203,-0.1283726,-3.4946468,225.2879791,0.0000000,0.0000000
-0.5251701,-0.1412202,-3.5149090,225.3404999,0.0000000,0.0000000
-0.4222081,-0.1295896,-3.5195196,225.3929291,0.0000000,0.0000000
-0.6330247,-0.1335801,-3.4911702,225.4454651,0.0000000,0.0000000
-0.6287060,-0.2175083,-3.5096331,225.4979401,0.0000000,0.0000000
-0.2873584,-0.0894062,-3.5935030,225.5504913,0.0000000,0.0000000
-0.2336876,-0.1376901,-3.6392231,225.6030121,0.0000000,0.0000000
-0.7466975,0.0068443,-3.6121521,225.6555176,0.0000000,0.0000000
-0.6029966,-0.0168631,-3.6465240,225.7079926,0.0000000,0.0000000
-0.5936978,-0.0851856,-3.6667943,225.7605133,0.0000000,0.0000000
-0.7334141,-0.1150768,-3.6771307,225.8129578,0.0000000,0.0000000
-0.8123503,-0.1110954,-3.6766481,225.8655396,0.0000000,0.0000000
-0.5166379,-0.1347924,-3.7227995,225.9179382,0.0000000,0.0000000
-0.5768670,-0.1566140,-3.7383447,225.9704742,0.0000000,0.0000000
-0.5337448,0.0049821,-3.7513139,226.0229797,0.0000000,0.0000000
-0.3908608,-0.0332561,-3.7721786,226.0754395,0.0000000,0.0000000
-0.7596903,-0.0323972,-3.7346425,226.1279755,0.0000000,0.0000000
-0.6523029,-0.1556930,-3.7617002,226.1804810,0.0000000,0.0000000
-0.8984743,-0.1521463,-3.7384529,226.2329559,0.0000000,0.0000000
-0.5975472,-0.1806025,-3.7858748,226.2855072,0.0000000,0.0000000
-0.4289194,-0.1550365,-3.8143601,226.3379517,0.0000000,0.0000000
-0.6159163,-0.0310464,-3.7878284,226.3905029,0.0000000,0.0000000
-0.5704462,-0.2353800,-3.7778101,226.4430084,0.0000000,0.0000000
-0.8657938,-0.0869562,-3.7232108,226.4954376,0.0000000,0.0000000
-0.4832203,-0.2421021,-3.7742636,226.5479736,0.0000000,0.0000000
-0.4427221,-0.2283643,-3.7736211,226.6004639,0.0000000,0.0000000
-0.4069673,-0.0893450,-3.7847414,226.6530151,0.0000000,0.0000000
-0.6650549,-0.1571052,-3.7558718,226.7054443,0.0000000,0.0000000
-0.4840863,-0.0889685,-3.7818248,226.7579803,0.0000000,0.0000000
-0.6252355,-0.1577317,-3.7688072,226.8104401,0.0000000,0.0000000
-0.4106348,-0.1349047,-3.8175063,226.8630066,0.0000000,0.0000000
-0.6985622,-0.1928877,-3.7747231,226.9154510,0.0000000,0.0000000
-0.7754207,-0.1560296,-3.7830412,226.9679871,0.0000000,0.0000000
-0.2904545,-0.1349735,-3.8614409,227.0204926,0.0000000,0.0000000
-0.7408400,-0.1106187,-3.8138871,227.0729523,0.0000000,0.0000000
-0.4043016,-0.1545530,-3.8562977,227.1254425,0.0000000,0.0000000
-0.3705965,-0.1964498,-3.8638048,227.1780090,0.0000000,0.0000000
-0.5531295,0.0067684,-3.8693819,227.2304993,0.0000000,0.0000000
-0.5971631,-0.1261938,-3.8387079,227.2829742,0.0000000,0.0000000
-0.4237111,-0.0723777,-3.8502569,227.3354950,0.0000000,0.0000000
-0.6555430,-0.0364689,-3.7946334,227.3880005,0.0000000,0.0000000
-0.6762671,-0.1113584,-3.7493088,227.4405060,0.0000000,0.0000000
-0.6997199,-0.1023202,-3.7244549,227.4929657,0.0000000,0.0000000
-0.6725088,-0.0947451,-3.7053602,227.5455170,0.0000000,0.0000000
-0.6199817,-0.1287048,-3.4452734,227.5979462,0.0000000,0.0000000
-0.6293476,-0.1673810,-3.5432141,227.6504822,0.0000000,0.0000000
-0.3910495,-0.0799374,-3.6290965,227.7030182,0.0000000,0.0000000
-0.5182078,-0.2118435,-3.5787582,227.7555237,0.0000000,0.0000000
-0.3136206,-0.1507424,-3.5723712,227.8079376,0.0000000,0.0000000
-0.5971251,0.1085644,-3.4486916,227.8605194,0.0000000,0.0000000
-0.6096675,0.1043306,-3.4266505,227.9129639,0.0000000,0.0000000
-0.5118899,-0.0825118,-3.4858999,227.9654541,0.0000000,0.0000000
-0.7527955,-0.1272464,-3.4359944,228.0179596,0.0000000,0.0000000
-0.5152414,-0.2172272,-3.4582510,228.0705414,0.0000000,0.0000000
-0.6161608,-0.2574165,-3.4739740,228.1229401,0.0000000,0.0000000
-0.3478654,-0.2152727,-3.4915464,228.1754913,0.0000000,0.0000000
-0.4307561,-0.0570434,-3.4901922,228.2279968,0.0000000,0.0000000
-0.5367631,-0.1552903,-3.4746704,228.2804718,0.0000000,0.0000000
-0.5930057,-0.0547704,-3.4982090,228.3329620,0.0000000,0.0000000
-0.5027354,-0.2249568,-3.5241823,228.3854980,0.0000000,0.0000000
-0.4421569,-0.0980160,-3.5223486,228.4380035,0.0000000,0.0000000
-0.4884112,-0.0580834,-3.5072389,228.4904327,0.0000000,0.0000000
-0.6968040,-0.0605287,-3.5031104,228.5429535,0.0000000,0.0000000
-0.5287256,0.0769603,-3.5349736,228.5955048,0.0000000,0.0000000
-0.2833086,0.0004213,-3.5989435,228.6479645,0.0000000,0.0000000
-0.3282099,-0.0204454,-3.5319674,228.7004395,0.0000000,0.0000000
-0.1935911,-0.0540947,-3.5635674,228.7529602,0.0000000,0.0000000
-0.2373406,-0.0346355,-3.5632815,228.8055420,0.0000000,0.0000000
-0.4923444,-0.0355177,-3.5471768,228.8580322,0.0000000,0.0000000
-0.4942984,-0.1250393,-3.5517240,228.9104919,0.0000000,0.0000000
-0.3332319,-0.1034565,-3.5898137,228.9629974,0.0000000,0.0000000
-0.5165507,0.0646076,-3.6007054,229.0155334,0.0000000,0.0000000
-0.4598310,-0.0829492,-3.6294246,229.0680084,0.0000000,0.0000000
-0.7484686,-0.1051133,-3.6382496,229.1204681,0.0000000,0.0000000
-0.5703753,-0.0785769,-3.6773791,229.1729736,0.0000000,0.0000000
-1.0416133,-0.0521172,-3.6787992,229.2254944,0.0000000,0.0000000
-0.4568228,-0.0845141,-3.7416546,229.2780151,0.0000000,0.0000000
-0.6918545,-0.0743506,-3.6931076,229.3304443,0.0000000,0.0000000
-0.5917750,0.0052451,-3.7082882,229.3830261,0.0000000,0.0000000
-0.6648739,-0.0579080,-3.7350399,229.4354858,0.0000000,0.0000000
-0.4658936,0.0700351,-3.7780259,229.4880066,0.0000000,0.0000000
-0.5416068,-0.0585755,-3.7631905,229.5405121,0.0000000,0.0000000
-0.4565658,0.0647887,-3.7730734,229.5929413,0.0000000,0.0000000
-0.4343120,-0.1448872,-3.7628655,229.6454620,0.0000000,0.0000000
-0.6772652,-0.2794487,-3.7256072,229.6979828,0.0000000,0.0000000
-0.6258662,0.0441357,-3.7467558,229.7505188,0.0000000,0.0000000
-0.4278082,0.0457985,-3.7856901,229.8029327,0.0000000,0.0000000
-0.5516745,-0.0093431,-3.7519178,229.8555145,0.0000000,0.0000000
-0.4593580,-0.1129514,-3.7702563,229.9079895,0.0000000,0.0000000
-0.5166253,-0.1469723,-3.7800200,229.9605255,0.0000000,0.0000000
-0.3516941,-0.1391772,-3.8058245,230.0129852,0.0000000,0.0000000
-0.5645068,-0.0843260,-3.7773807,230.0654907,0.0000000,0.0000000
-0.4978058,-0.0348106,-3.8423288,230.1179657,0.0000000,0.0000000
-0.5599998,-0.0240257,-3.8369107,230.1705170,0.0000000,0.0000000
-0.3288705,-0.0423542,-3.9004881,230.2229614,0.0000000,0.0000000
-0.7296931,-0.0936670,-3.8890698,230.2754974,0.0000000,0.0000000
-0.6671023,-0.0780173,-3.9013066,230.3279877,0.0000000,0.0000000
-0.3677131,-0.1683260,-3.9619050,230.3804321,0.0000000,0.0000000
-0.5769439,-0.1243710,-3.9487267,230.4329529,0.0000000,0.0000000
-0.2090002,-0.1415922,-4.0030842,230.4855042,0.0000000,0.0000000
-0.2049459,-0.1465214,-4.0141082,230.5379944,0.0000000,0.0000000
-0.5288685,-0.1897564,-3.9497960,230.5904388,0.0000000,0.0000000
-0.3822072,-0.1665099,-3.9978223,230.6429749,0.0000000,0.0000000
-0.5780203,-0.1327047,-3.9647558,230.6954803,0.0000000,0.0000000
-0.5366341,0.0753064,-3.9489889,230.7480316,0.0000000,0.0000000
-0.5995184,-0.0873379,-3.9609015,230.8004303,0.0000000,0.0000000
-0.3858821,-0.1223674,-3.9478862,230.8530121,0.0000000,0.0000000
-0.4946331,0.0551999,-3.9431994,230.9054413,0.0000000,0.0000000
-0.5062537,-0.0978713,-3.9267237,230.9579926,0.0000000,0.0000000
-0.2566279,-0.1985416,-3.9368482,231.0104523,0.0000000,0.0000000
0.0717827,-0.2544092,-3.9618213,231.0630646,0.0000000,0.0000000
0.1218074,-0.0709220,-3.9531741,231.1155090,0.0000000,0.0000000
-0.0121052,-0.1299184,-3.9033430,231.1679840,0.0000000,0.0000000
0.2873927,-0.0293224,-3.8404632,231.2204742,0.0000000,0.0000000
0.1549276,-0.2566047,-3.9251776,231.2730103,0.0000000,0.0000000
0.2452558,-0.0950256,-3.8980310,231.3254395,0.0000000,0.0000000
-0.0983384,0.0532025,-3.8317750,231.3779907,0.0000000,0.0000000
0.2298453,-0.1680175,-3.8446479,231.4304352,0.0000000,0.0000000
-0.0375694,0.0222328,-3.8107495,231.4830322,0.0000000,0.0000000
0.1301875,-0.0832313,-3.7709277,231.5355072,0.0000000,0.0000000
0.0821311,-0.2244947,-3.7558689,231.5879364,0.0000000,0.0000000
0.0265151,-0.2229628,-3.7053401,231.6405182,0.0000000,0.0000000
-0.0694642,-0.0298734,-3.7309008,231.6930084,0.0000000,0.0000000
0.0863510,-0.2442628,-3.7426658,231.7454529,0.0000000,0.0000000
-0.1633727,0.0562861,-3.7020965,231.7979431,0.0000000,0.0000000
0.0976758,-0.0863034,-3.7454023,231.8504791,0.0000000,0.0000000
-0.1266452,-0.0209495,-3.7487907,231.9029999,0.0000000,0.0000000
-0.1813154,-0.1046030,-3.7204919,231.9555206,0.0000000,0.0000000
-0.0287681,-0.1311249,-3.7375414,232.0079651,0.0000000,0.0000000
0.0579889,-0.1268670,-3.7822056,232.0605011,0.0000000,0.0000000
0.0952432,-0.1553828,-3.8173556,232.1129761,0.0000000,0.0000000
0.1784576,-0.1705996,-3.8537688,232.1654510,0.0000000,0.0000000
-0.1333387,0.0449993,-3.8146639,232.2179871,0.0000000,0.0000000
-0.0183810,-0.0561733,-3.8476532,232.2704926,0.0000000,0.0000000
0.0179751,-0.0526297,-3.8407900,232.3229370,0.0000000,0.0000000
-0.0401858,-0.2537761,-3.8443432,232.3754730,0.0000000,0.0000000
0.1334701,-0.0765105,-3.8330302,232.4279633,0.0000000,0.0000000
0.2288002,-0.1277603,-3.8398182,232.4805145,0.0000000,0.0000000
0.1636490,-0.1483255,-3.8199079,232.5329285,0.0000000,0.0000000
0.2303013,-0.1388913,-3.7987690,232.5854950,0.0000000,0.0000000
0.3321770,-0.0802856,-3.7719998,232.6380005,0.0000000,0.0000000
0.9922650,-0.1139879,-3.7379186,232.6904449,0.0000000,0.0000000
0.5085269,-0.0544265,-3.7393484,232.7429962,0.0000000,0.0000000
0.5988561,-0.1373216,-3.7485290,232.7955017,0.0000000,0.0000000
0.6628605,-0.0787053,-3.7119901,232.8479919,0.0000000,0.0000000
0.5966585,-0.0802559,-3.7053590,232.9004364,0.0000000,0.0000000
0.4904316,-0.1260465,-3.6881509,232.9529877,0.0000000,0.0000000
0.6660436,-0.1802155,-3.6849232,233.0055084,0.0000000,0.0000000
0.7778638,-0.0152364,-3.6693547,233.0579529,0.0000000,0.0000000
1.1512614,-0.1924994,-3.6743228,233.1104889,0.0000000,0.0000000
1.1602314,-0.0168179,-3.6818490,233.1629639,0.0000000,0.0000000
0.9259848,0.0975141,-3.6823478,233.2154388,0.0000000,0.0000000
0.8904101,-0.0683897,-3.6875727,233.2679749,0.0000000,0.0000000
1.1414444,-0.0117857,-3.6902738,233.3205109,0.0000000,0.0000000
1.1089557,-0.1769875,-3.6927571,233.3730164,0.0000000,0.0000000
1.3537911,-0.1694088,-3.6674998,233.4254303,0.0000000,0.0000000
1.3832417,-0.1108840,-3.6529477,233.4779510,0.0000000,0.0000000
1.4766790,-0.0628204,-3.6736155,233.5304413,0.0000000,0.0000000
1.5057242,-0.1028205,-3.6894908,233.5829926,0.0000000,0.0000000
1.8209990,-0.1704654,-3.6548517,233.6354523,1.0000000,0.0000000
1.6985172,-0.1251775,-3.6079049,233.6879578,1.0000000,0.0000000
1.8833131,-0.0335122,-3.5993743,233.7405090,1.0000000,0.0000000
2.0335622,-0.1154081,-3.5736246,233.7929382,1.0000000,0.0000000
1.7061629,0.0331854,-3.6052525,233.8454590,1.0000000,0.0000000
1.8226383,0.0068753,-3.6097746,233.8980103,1.0000000,0.0000000
1.7300167,-0.0872614,-3.6541219,233.9505005,1.0000000,0.0000000
1.6471220,-0.0963304,-3.6582968,234.0029907,1.0000000,0.0000000
1.7502224,-0.1128546,-3.6614618,234.0554962,1.0000000,0.0000000
1.5127569,-0.0380520,-3.6916699,234.1079407,1.0000000,0.0000000
1.4386585,0.0523775,-3.7074792,234.1605225,1.0000000,0.0000000
1.1094297,-0.1471681,-3.7221420,234.2129974,1.0000000,0.0000000
1.0755329,-0.0434303,-3.8082626,234.2654877,1.0000000,0.0000000
1.3418312,-0.0930403,-3.8276284,234.3179474,1.0000000,0.0000000
0.6686308,0.0589893,-3.8486924,234.3704987,0.0000000,0.0000000
0.6610405,-0.0562108,-3.8748817,234.4230042,0.0000000,0.0000000
0.5783767,-0.0881086,-3.8954103,234.4754639,0.0000000,0.0000000
1.8639714,0.1708332,-3.9839630,234.5279388,1.0000000,0.0000000
0.6119236,0.0409246,-3.9681718,234.5804596,0.0000000,0.0000000
0.2023693,0.0333475,-4.0411024,234.6330414,0.0000000,0.0000000
0.3172666,0.0609993,-4.0478687,234.6855316,0.0000000,0.0000000
0.4916252,0.0820835,-4.0237937,234.7379456,0.0000000,0.0000000
0.2433789,0.1079233,-4.0285659,234.7904358,0.0000000,0.0000000
0.5593873,-0.0996382,-4.0239115,234.8430328,0.0000000,0.0000000
0.3500887,0.1143741,-4.0039902,234.8954926,0.0000000,0.0000000
0.2872766,0.0423448,-3.9585993,234.9480133,0.0000000,0.0000000
0.4274842,0.0629470,-3.9189541,235.0004578,0.0000000,0.0000000
0.3101244,0.1686017,-3.9362919,235.0529633,0.0000000,0.0000000
-0.2521712,0.0964643,-3.8012905,235.1054382,0.0000000,0.0000000
0.2667232,-0.0166832,-3.8571162,235.1580200,0.0000000,0.0000000
0.3151880,0.1028511,-3.8656118,235.2104492,0.0000000,0.0000000
0.3239569,-0.0907575,-3.8890045,235.2629547,0.0000000,0.0000000
0.2548361,0.0391178,-3.9538789,235.3154449,0.0000000,0.0000000
0.1103535,0.0807767,-3.8927083,235.3679657,0.0000000,0.0000000
-0.0304033,0.0910882,-3.9095378,235.4204865,0.0000000,0.0000000
0.0908464,-0.0668807,-3.9571958,235.4730072,0.0000000,0.0000000
-0.2088635,-0.0859229,-4.0685892,235.5255127,0.0000000,0.0000000
-0.2007650,0.0151936,-3.9899323,235.5780029,0.0000000,0.0000000
-0.1570353,-0.0745772,-4.0014582,235.6304626,0.0000000,0.0000000
-0.3797358,0.0702458,-4.0083637,235.6829376,0.0000000,0.0000000
-0.4162256,0.0069224,-3.9550128,235.7354431,0.0000000,0.0000000
-0.3069114,0.0164894,-3.9979925,235.7879486,0.0000000,0.0000000
-0.2975349,-0.0703771,-4.0846019,235.8404846,0.0000000,0.0000000
-0.3039190,-0.0183913,-4.0994725,235.8929443,0.0000000,0.0000000
-0.2998988,0.0689679,-4.0959864,235.9455261,0.0000000,0.0000000
-0.4492893,-0.0801093,-4.1021433,235.9980011,0.0000000,0.0000000
-0.5336127,0.0614912,-4.1058035,236.0504456,0.0000000,0.0000000
-0.5431032,-0.2053871,-4.1366181,236.1029968,0.0000000,0.0000000
-0.4890600,-0.1362799,-4.1353769,236.1555023,0.0000000,0.0000000
-0.8027958,-0.2121057,-4.1539345,236.2079315,0.0000000,0.0000000
-0.6898479,0.1243493,-4.1053824,236.2604523,0.0000000,0.0000000
-0.6814851,-0.0776092,-4.1616454,236.3129578,0.0000000,0.0000000
-0.8908249,-0.1352942,-4.1670356,236.3655396,0.0000000,0.0000000
-0.9801035,0.0800724,-4.1419806,236.4179993,0.0000000,0.0000000
-1.2266849,-0.1652369,-4.2002282,236.4704590,0.0000000,0.0000000
-1.1894085,-0.0303633,-4.2282391,236.5229492,0.0000000,0.0000000
-1.3819126,-0.1046267,-4.2046990,236.5755157,0.0000000,0.0000000
-1.4957731,-0.0266304,-4.1824684,236.6279755,0.0000000,0.0000000
-1.2551862,-0.0615817,-4.2883549,236.6804962,0.0000000,0.0000000
-1.6333253,-0.2035135,-4.2411780,236.7329407,1.0000000,0.0000000
-1.9435118,-0.2514558,-4.1936913,236.7854309,1.0000000,0.0000000
-2.8770058,0.1408499,-4.1622086,236.8379517,1.0000000,0.0000000
-1.5044140,-0.0123162,-4.2378960,236.8904724,1.0000000,0.0000000
-1.5810814,-0.0133440,-4.2109752,236.9430237,1.0000000,0.0000000
-1.8045316,-0.0093725,-4.1960492,236.9954987,1.0000000,0.0000000
-3.3002956,0.2096496,-4.0031257,237.0480042,1.0000000,0.0000000
-1.8493689,-0.1634658,-4.1500864,237.1005096,1.0000000,0.0000000
-1.5815513,0.1166125,-4.1358824,237.1529541,1.0000000,0.0000000
-1.6781842,-0.0052814,-4.1419139,237.2054749,1.0000000,0.0000000
-1.5234238,0.0405228,-4.0637488,237.2579803,1.0000000,0.0000000
-1.7360027,0.0288295,-4.0284057,237.3104401,1.0000000,0.0000000
-1.5293419,-0.0580314,-4.0076103,237.3630219,1.0000000,0.0000000
-1.6323984,0.0344875,-3.9734080,237.4154968,1.0000000,0.0000000
-1.4647769,0.1225157,-3.9965820,237.4680023,1.0000000,0.0000000
-1.5044668,0.0094073,-3.9956245,237.5204773,1.0000000,0.0000000
-1.2710447,0.0030549,-4.0231032,237.5729980,1.0000000,0.0000000
-1.4570557,0.0304331,-4.0275455,237.6255035,1.0000000,0.0000000
-1.2913402,0.0138691,-4.0508032,237.6780090,1.0000000,0.0000000
-0.8883324,-0.0207422,-4.1118703,237.7304382,1.0000000,0.0000000
-1.1928866,0.0046645,-4.0331779,237.7830200,1.0000000,0.0000000
-0.9346861,0.0253711,-4.1293840,237.8354492,1.0000000,0.0000000
-1.0703183,-0.0534185,-4.0983047,237.8880005,1.0000000,0.0000000
-0.8728471,0.0801396,-4.1327791,237.9404755,1.0000000,0.0000000
-1.0044945,-0.0651879,-4.1119246,237.9929504,1.0000000,0.0000000
-1.0696373,0.0244647,-4.1085310,238.0455017,0.0000000,0.0000000
-0.6661227,-0.1054937,-4.1346574,238.0979614,0.0000000,0.0000000
-0.7721904,-0.0330521,-4.1123910,238.1504822,0.0000000,0.0000000
-1.0142128,0.0462801,-4.0829425,238.2029724,0.0000000,0.0000000
-0.9219456,0.0573999,-4.1288495,238.2555084,0.0000000,0.0000000
-0.9576604,-0.0323585,-4.1204720,238.3079376,0.0000000,0.0000000
-1.2367011,0.0096183,-4.0686994,238.3604584,0.0000000,0.0000000
-1.2817521,-0.0311823,-4.0689449,238.4129639,0.0000000,0.0000000
-0.9333816,-0.0186205,-4.1892505,238.4654541,0.0000000,0.0000000
-1.0489848,-0.1026599,-4.1711583,238.5179596,0.0000000,0.0000000
-0.9667514,-0.0722903,-4.2055240,238.5705109,0.0000000,0.0000000
-1.1085684,-0.0417935,-4.1995287,238.6230011,0.0000000,0.0000000
-1.3208342,-0.0165471,-4.1924396,238.6755371,0.0000000,0.0000000
-1.3157691,0.0184385,-4.2101183,238.7280121,0.0000000,0.0000000
-1.4271146,-0.0942116,-4.1798577,238.7804565,0.0000000,0.0000000
-1.3091362,0.0292424,-4.2554636,238.8329315,0.0000000,0.0000000
-1.3201494,-0.1029061,-4.2475071,238.8854980,0.0000000,0.0000000
-1.5125251,-0.0485522,-4.2700024,238.9379730,0.0000000,0.0000000
-1.2655534,-0.1645061,-4.3173261,238.9904327,0.0000000,0.0000000
-0.8843967,-0.1811186,-4.3282394,239.0429535,0.0000000,0.0000000
-1.2559749,-0.0266927,-4.3088002,239.0955048,0.0000000,0.0000000
-1.4321687,-0.0519801,-4.3057628,239.1479797,0.0000000,0.0000000
-1.3227652,-0.0515036,-4.3538713,239.2004700,0.0000000,0.0000000
-1.1658230,-0.1114937,-4.3765898,239.2530060,0.0000000,0.0000000
-0.9943624,0.1798893,-4.4384489,239.3054657,0.0000000,0.0000000
-1.2720245,-0.0367467,-4.4066901,239.3580322,0.0000000,0.0000000
-1.0211747,0.1089114,-4.4346104,239.4104614,0.0000000,0.0000000
-1.1645492,0.1067225,-4.4217014,239.4629974,0.0000000,0.0000000
-1.1161041,0.1905307,-4.4366989,239.5154877,0.0000000,0.0000000
-1.4114121,0.1368914,-4.3865924,239.5679626,0.0000000,0.0000000
-1.4409482,0.3060834,-4.3831868,239.6204987,0.0000000,0.0000000
-0.9091026,0.1387821,-4.4345322,239.6729584,0.0000000,0.0000000
-0.8769860,0.2885338,-4.4607387,239.7254333,0.0000000,0.0000000
-1.1628034,0.2344603,-4.3649411,239.7780151,0.0000000,0.0000000
-1.1254750,0.3469338,-4.3960972,239.8304901,0.0000000,0.0000000
-0.9433954,0.5141461,-4.3978534,239.8830109,0.0000000,0.0000000
-0.8220248,0.6056180,-4.4002872,239.9354553,0.0000000,0.0000000
-1.2110965,0.6336530,-4.3334875,239.9880066,0.0000000,0.0000000
-1.0242501,0.5522595,-4.3822923,240.0404663,0.0000000,0.0000000
-0.9561180,0.7885683,-4.3749771,240.0929413,0.0000000,0.0000000
-0.8406344,0.7842174,-4.3857584,240.1454926,0.0000000,0.0000000
-0.8355834,0.7444519,-4.4001994,240.1979675,0.0000000,0.0000000
-0.9568449,0.7109679,-4.4131250,240.2504578,0.0000000,0.0000000
-1.0936506,0.8606887,-4.3687229,240.3029480,0.0000000,0.0000000
-0.9391586,1.0822359,-4.3854012,240.3555298,0.0000000,0.0000000
-1.0986727,0.9557772,-4.3711390,240.4079590,0.0000000,0.0000000
-0.8557454,0.9586211,-4.4065008,240.4605255,0.0000000,0.0000000
-0.9637443,0.9145693,-4.3924170,240.5129700,0.0000000,0.0000000
-1.1342266,1.1228759,-4.3760700,240.5654449,0.0000000,0.0000000
-0.9808201,1.0770305,-4.4711542,240.6179352,0.0000000,0.0000000
-0.9040778,1.1112442,-4.4763865,240.6704559,0.0000000,0.0000000
-1.0445166,1.3122790,-4.4380169,240.7229309,0.0000000,0.0000000
-1.0301770,1.3402268,-4.4780917,240.7754669,0.0000000,0.0000000
-1.0916346,1.3287638,-4.4899826,240.8279419,0.0000000,0.0000000
-1.1556298,1.3908385,-4.4698486,240.8804626,0.0000000,0.0000000
-1.3048465,1.4397171,-4.4311595,240.9330139,0.0000000,0.0000000
-1.4681630,1.4856355,-4.4801626,240.9855042,0.0000000,0.0000000
-1.0188713,1.5478495,-4.4675398,241.0379486,0.0000000,1.0000000
-0.7925076,1.3742783,-4.4782615,241.0904999,0.0000000,1.0000000
-0.9809516,1.3941379,-4.3846774,241.1429596,0.0000000,1.0000000
-0.7774589,1.3975911,-4.3937478,241.1954498,0.0000000,1.0000000
-0.8232006,1.4155999,-4.3733821,241.2479858,0.0000000,1.0000000
-0.9333049,1.3934505,-4.3176413,241.3004303,0.0000000,1.0000000
-1.1696684,1.8281845,-4.1985278,241.3529663,0.0000000,1.0000000
-0.8380109,1.3882371,-4.2762270,241.4055023,0.0000000,1.0000000
-0.7847222,1.0921941,-4.2279849,241.4579620,0.0000000,1.0000000
-0.9085892,1.2765461,-4.1678295,241.5104980,0.0000000,1.0000000
-0.8259725,1.2064912,-4.1168461,241.5629578,0.0000000,1.0000000
-0.7497979,0.9694162,-4.0585771,241.6154480,0.0000000,1.0000000
-0.5312397,0.7355779,-3.9942923,241.6679993,0.0000000,0.0000000
-0.4518428,0.6281457,-3.9928503,241.7204285,0.0000000,0.0000000
-0.8615326,0.6068178,-3.9112248,241.7729645,0.0000000,0.0000000
-0.6650984,0.6035924,-3.8795385,241.8255157,0.0000000,0.0000000
-0.6324520,0.5860925,-3.8599989,241.8779602,0.0000000,0.0000000
-0.6743125,0.3676964,-3.7756121,241.9304504,0.0000000,0.0000000
-0.8151707,0.4941037,-3.7193074,241.9829865,0.0000000,0.0000000
-0.7919408,0.3908394,-3.7162490,242.0355072,0.0000000,0.0000000
-0.4474617,0.2565314,-3.7365158,242.0879974,0.0000000,0.0000000
-0.6958236,0.3799862,-3.7319288,242.1405029,0.0000000,0.0000000
-0.3950733,0.4524449,-3.7464271,242.1929626,0.0000000,0.0000000
-0.3912368,0.3164705,-3.7765377,242.2454987,0.0000000,0.0000000
-0.6262047,0.5310531,-3.7271543,242.2979736,0.0000000,0.0000000
-0.4747616,0.5692112,-3.6960056,242.3504639,0.0000000,0.0000000
-0.5132313,0.5783584,-3.7010083,242.4029388,0.0000000,0.0000000
-0.4345975,0.5508219,-3.6945248,242.4554596,0.0000000,0.0000000
-0.5288762,0.5879132,-3.7408261,242.5079346,0.0000000,0.0000000
-0.6527929,0.6064968,-3.8371258,242.5605164,0.0000000,0.0000000
-0.6798863,0.5893754,-3.8763707,242.6129761,0.0000000,0.0000000
-0.5609619,0.4725178,-3.9580152,242.6654510,0.0000000,0.0000000
-0.7592525,0.4319949,-4.0204811,242.7179718,0.0000000,0.0000000
-0.7285501,0.3949339,-4.0695143,242.7705231,0.0000000,0.0000000
-0.8223284,0.3300474,-4.1337810,242.8229675,0.0000000,0.0000000
-1.2144156,0.3601395,-4.1401849,242.8754578,0.0000000,0.0000000
-1.0125989,0.3746444,-4.1988807,242.9279480,0.0000000,0.0000000
-0.9211635,0.2142414,-4.2205615,242.9804535,0.0000000,0.0000000
-0.9382996,0.3512985,-4.2018976,243.0330048,0.0000000,0.0000000
-0.8532776,0.2296332,-4.2325230,243.0855408,0.0000000,0.0000000
-0.8660110,0.0872734,-4.2546167,243.1380005,0.0000000,0.0000000
-0.7531430,0.1746532,-4.2722449,243.1904907,0.0000000,0.0000000
-0.6866373,-0.1395593,-4.2859278,243.2430115,0.0000000,0.0000000
-0.7833260,0.0447772,-4.2447767,243.2954407,0.0000000,0.0000000
-0.7504995,-0.0758084,-4.2314563,243.3479919,0.0000000,0.0000000
-0.7755132,-0.0365712,-4.2599392,243.4004364,0.0000000,0.0000000
-0.9151823,0.0049954,-4.2082353,243.4529572,0.0000000,0.0000000
-0.8275455,-0.0095329,-4.2515011,243.5054779,0.0000000,0.0000000
-0.8574033,0.0054876,-4.2602692,243.5579834,0.0000000,0.0000000
-0.6884103,-0.1697764,-4.2642579,243.6105042,0.0000000,0.0000000
-0.6338740,-0.0270395,-4.2797194,243.6630096,0.0000000,0.0000000
-0.8320019,-0.1190934,-4.2517533,243.7154694,0.0000000,0.0000000
-0.6509683,-0.1353556,-4.2484031,243.7679596,0.0000000,0.0000000
-0.9701688,-0.3014757,-4.2242384,243.8204498,0.0000000,0.0000000
-0.9197877,-0.3095572,-4.2215180,243.8730011,0.0000000,0.0000000
-0.8040332,-0.2304456,-4.1930780,243.9254456,0.0000000,0.0000000
-0.8317972,-0.4688899,-4.1837845,243.9779968,0.0000000,0.0000000
-0.6465053,-0.6980967,-4.1805015,244.0304413,0.0000000,0.0000000
-0.8110359,-0.6516749,-4.1083674,244.0829926,0.0000000,0.0000000
-0.6438993,-0.6916934,-4.0974946,244.1354370,0.0000000,0.0000000
-0.4262077,-0.6481101,-4.1342359,244.1880035,0.0000000,0.0000000
-0.5496325,-0.7789557,-4.0535502,244.2404785,0.0000000,0.0000000
-0.6230875,-0.6874368,-4.0648270,244.2929993,0.0000000,0.0000000
-0.7584608,-0.8737732,-3.9999492,244.3454895,0.0000000,0.0000000
-0.8261717,-0.8918232,-4.0104990,244.3979645,0.0000000,0.0000000
-0.5896487,-1.1800884,-3.9942174,244.4504700,0.0000000,0.0000000
-0.8300682,-1.0107883,-3.9481621,244.5029449,0.0000000,0.0000000
-0.8859029,-1.1127993,-3.8831341,244.5555115,0.0000000,0.0000000
-0.7281477,-1.1117713,-3.8934066,244.6079407,0.0000000,0.0000000
-0.7260513,-1.1441036,-3.8690836,244.6604614,0.0000000,0.0000000
-0.5338579,-1.1881752,-3.9174836,244.7129669,0.0000000,0.0000000
-0.5982473,-1.1885313,-3.8714635,244.7654572,0.0000000,0.0000000
-0.7014359,-1.3571408,-3.8701377,244.8179779,0.0000000,0.0000000
-0.5968442,-1.4049792,-3.9526117,244.8704529,0.0000000,0.0000000
-0.5841591,-1.4467257,-3.9523590,244.9229584,0.0000000,0.0000000
-0.7865069,-1.3831611,-3.8968914,244.9754944,0.0000000,0.0000000
-0.7602317,-1.5075352,-3.9053717,245.0279846,0.0000000,0.0000000
-0.7448046,-1.5536462,-3.8671274,245.0805054,0.0000000,0.0000000
-0.9433752,-1.4508027,-3.8601992,245.1330414,0.0000000,0.0000000
-0.7125114,-1.4700817,-3.8781257,245.1855011,0.0000000,0.0000000
-0.5854492,-1.5824025,-3.8889110,245.2379303,0.0000000,0.0000000
-0.6032291,-1.6588057,-3.8950422,245.2905121,0.0000000,1.0000000
-0.9360695,-1.7329807,-3.8165064,245.3429871,0.0000000,1.0000000
-0.7567083,-1.5565816,-3.8876302,245.3954468,0.0000000,1.0000000
-0.5859529,-1.6212572,-3.9308019,245.4479675,0.0000000,1.0000000
-0.5901021,-1.6636754,-3.9066031,245.5005035,0.0000000,1.0000000
-0.9554322,-1.6660060,-3.8589711,245.5530090,0.0000000,1.0000000
-0.8104021,-1.7305017,-3.8830256,245.6054382,0.0000000,1.0000000
-0.7864897,-1.6775516,-3.8717327,245.6580048,0.0000000,1.0000000
-0.7404908,-1.5155749,-3.8970249,245.7104645,0.0000000,1.0000000
-0.9806218,-1.5499989,-3.8501937,245.7630157,0.0000000,1.0000000
-0.7961494,-1.6481922,-3.8913789,245.8154907,0.0000000,1.0000000
-0.9062151,-1.6849341,-3.8688869,245.8680267,0.0000000,1.0000000
-0.7883018,-1.5429002,-3.8637683,245.9205017,0.0000000,1.0000000
-0.9099098,-1.5297966,-3.8503900,245.9729919,0.0000000,1.0000000
-0.5290715,-1.5947013,-3.8829777,246.0254974,0.0000000,1.0000000
-0.5748439,-1.5199808,-3.8711205,246.0779572,0.0000000,1.0000000
-0.7013138,-1.5860975,-3.8673799,246.1304474,0.0000000,1.0000000
-0.9097124,-1.6195955,-3.8406010,246.1830597,0.0000000,1.0000000
-0.8386352,-1.4029512,-3.8156614,246.2354736,0.0000000,1.0000000
-0.7741776,-1.6795756,-3.8627779,246.2879639,0.0000000,1.0000000
-0.9672501,-1.5491840,-3.7957807,246.3405151,0.0000000,1.0000000
-0.9473683,-1.5831463,-3.7349875,246.3930054,0.0000000,1.0000000
-0.5003819,-1.4220827,-3.7548263,246.4454651,0.0000000,1.0000000
-0.7182633,-1.3142469,-3.7172837,246.4979401,0.0000000,1.0000000
-0.8368021,-1.3074073,-3.6577713,246.5504913,0.0000000,1.0000000
-0.3678383,-2.0602484,-3.6749649,246.6029816,0.0000000,1.0000000
-0.6228867,-1.1818531,-3.6753519,246.6555176,0.0000000,1.0000000
-0.7016141,-1.2198609,-3.6176579,246.7079468,0.0000000,1.0000000
-0.6856201,-1.0259447,-3.5569420,246.7604523,0.0000000,1.0000000
-0.7656146,-0.9638562,-3.5510855,246.8129578,0.0000000,1.0000000
-0.7066270,-0.9203288,-3.5049069,246.8655396,0.0000000,1.0000000
-0.3831069,-0.7891277,-3.5405233,246.9179688,0.0000000,0.0000000
-0.7109527,-0.7566780,-3.4974878,246.9705048,0.0000000,0.0000000
-0.4842776,-0.8113546,-3.5250318,247.0229950,0.0000000,0.0000000
-0.5685949,-0.7619952,-3.5650699,247.0755310,0.0000000,0.0000000
-0.6531808,-0.8869333,-3.5384805,247.1279449,0.0000000,0.0000000
-0.5156107,-0.9958741,-3.5719328,247.1804810,0.0000000,0.0000000
-0.6336234,-0.7594154,-3.6301908,247.2329865,0.0000000,0.0000000
-0.4645930,-0.8601611,-3.6577177,247.2855072,0.0000000,0.0000000
-0.3998209,-0.9498861,-3.7296472,247.3379669,0.0000000,0.0000000
-0.4946914,-0.8327292,-3.7227485,247.3904724,0.0000000,0.0000000
-0.6743193,-0.9567169,-3.7588294,247.4429474,0.0000000,0.0000000
-0.6302021,-0.9122499,-3.8249416,247.4954987,0.0000000,0.0000000
-0.5768154,-0.9162972,-3.8603034,247.5479584,0.0000000,0.0000000
-0.4679160,-0.8041326,-3.9148645,247.6005096,0.0000000,0.0000000
-0.5586443,-0.8454190,-3.9085832,247.6530151,0.0000000,0.0000000
-0.6921019,-0.8524002,-3.9157856,247.7054749,0.0000000,0.0000000
-0.4189651,-0.5743598,-3.9659808,247.7579498,0.0000000,0.0000000
-0.8076746,-0.6044164,-3.8922989,247.8104401,0.0000000,0.0000000
-0.5041121,-0.6672550,-3.9060225,247.8629913,0.0000000,0.0000000
-0.5218591,-0.6885859,-3.9241741,247.9154358,0.0000000,0.0000000
-0.5550674,-0.8344098,-3.8774078,247.9679565,0.0000000,0.0000000
-0.6037642,-0.7041667,-3.8765650,248.0204468,0.0000000,0.0000000
-0.3655187,-0.7260371,-3.9079914,248.0729523,0.0000000,0.0000000
-0.2021467,-0.5796288,-3.9342721,248.1254425,0.0000000,0.0000000
-0.2157174,-0.6583717,-3.9168882,248.1779938,0.0000000,0.0000000
-0.5210184,-0.4891645,-3.8813136,248.2304688,0.0000000,0.0000000
-0.8181786,-0.4556989,-3.8378906,248.2829742,0.0000000,0.0000000
-0.5215285,-0.4827826,-3.8781614,248.3354950,0.0000000,0.0000000
-0.6698525,-0.5331544,-3.8313186,248.3879700,0.0000000,0.0000000
-0.5415199,-0.3744920,-3.8707888,248.4404602,0.0000000,0.0000000
-0.7755098,-0.5099508,-3.8055482,248.4930115,0.0000000,0.0000000
-0.5486119,-0.6143939,-3.8269880,248.5454407,0.0000000,0.0000000
-0.6754551,-0.5939818,-3.8011603,248.5979614,0.0000000,0.0000000
-0.8894778,-0.6645668,-3.7960827,248.6504517,0.0000000,0.0000000
-0.5587201,-0.7291135,-3.8484056,248.7029877,0.0000000,0.0000000
-0.7329426,-0.7610216,-3.8243999,248.7554779,0.0000000,0.0000000
-0.7927024,-0.8517857,-3.8178992,248.8079376,0.0000000,0.0000000
-0.4947858,-0.8426203,-3.8900785,248.8605042,0.0000000,0.0000000
-0.8375795,-0.8015325,-3.8640003,248.9129486,0.0000000,0.0000000
-0.6145483,-0.9915736,-3.9134572,248.9655151,0.0000000,0.0000000
-0.4574613,-1.1095071,-3.9583461,249.0179291,0.0000000,0.0000000
-0.5866753,-1.2094457,-3.9223988,249.0704803,0.0000000,0.0000000
-0.7227510,-1.2822002,-3.9673924,249.1230011,0.0000000,0.0000000
-0.7034160,-1.2404292,-4.0097647,249.1755066,0.0000000,0.0000000
-0.4537663,-1.4068595,-4.0600471,249.2279816,0.0000000,0.0000000
-0.7083747,-1.5605441,-4.0691519,249.2805176,0.0000000,0.0000000
-0.9935327,-1.5348918,-4.0812902,249.3329926,0.0000000,0.0000000
-0.6790771,-1.5922748,-4.1626902,249.3855286,0.0000000,0.0000000
-0.7887467,-1.7214712,-4.1246009,249.4380035,0.0000000,1.0000000
-0.7860421,-1.6353682,-4.1613359,249.4905243,0.0000000,1.0000000
-0.8034997,-1.9816492,-4.1165829,249.5429688,0.0000000,1.0000000
-0.8973998,-1.8980596,-4.1371999,249.5955353,0.0000000,1.0000000
-0.6217022,-1.8809398,-4.2027903,249.6479645,0.0000000,1.0000000
-1.0999668,-1.8040630,-4.1141176,249.7004547,0.0000000,1.0000000
-0.8147382,-1.8729043,-4.1629624,249.7529449,0.0000000,1.0000000
-0.7081328,-1.9609236,-4.2078366,249.8055267,0.0000000,1.0000000
-0.7987634,-1.9217417,-4.2200017,249.8580017,0.0000000,1.0000000
-0.7071368,-1.9305756,-4.2413001,249.9104919,0.0000000,1.0000000
-0.6937559,-2.0548561,-4.2020893,249.9629517,0.0000000,1.0000000
-0.5535982,-1.8843765,-4.2544446,250.0155029,0.0000000,1.0000000
-0.9318078,-1.8489275,-4.1009607,250.0680237,0.0000000,1.0000000
-0.8339681,-1.8041466,-4.1094604,250.1204834,0.0000000,1.0000000
-0.5568070,-1.7279367,-4.0935979,250.1729584,0.0000000,1.0000000
-0.7434942,-1.5541019,-4.0504580,250.2254486,0.0000000,1.0000000
-0.6235012,-1.5965290,-4.0053406,250.2779846,0.0000000,1.0000000
-0.6343386,-1.4449635,-3.9486239,250.3304291,0.0000000,1.0000000
-0.2950147,-1.4376463,-3.9344151,250.3829498,0.0000000,1.0000000
-0.4665070,-1.2145677,-3.8242147,250.4354858,0.0000000,1.0000000
-0.7862512,-1.0750848,-3.7920420,250.4879456,0.0000000,1.0000000
-0.5275377,-0.9900554,-3.7109513,250.5404663,0.0000000,1.0000000
-0.4076273,-0.8886886,-3.7226284,250.5930023,0.0000000,1.0000000
-0.4111890,-0.7916611,-3.6776676,250.6454773,0.0000000,0.0000000
-0.5687785,-0.8987085,-3.6880486,250.6979675,0.0000000,0.0000000
-0.5787677,-0.7740963,-3.6840243,250.7504425,0.0000000,0.0000000
-0.5720730,-0.7641014,-3.6475475,250.8029480,0.0000000,0.0000000
-0.4011633,-0.9304723,-3.6242163,250.8555756,0.0000000,0.0000000
-0.4043683,-0.8281910,-3.6807799,250.9080048,0.0000000,0.0000000
-0.3539019,-0.9016749,-3.6641269,250.9604645,0.0000000,0.0000000
-0.4984087,-0.8938307,-3.6767592,251.0129852,0.0000000,0.0000000
-0.1441853,-0.9355086,-3.7697294,251.0654602,0.0000000,0.0000000
-0.4097677,-0.9929130,-3.7794995,251.1179352,0.0000000,0.0000000
-0.3378967,-0.9600680,-3.8259666,251.1705017,0.0000000,0.0000000
-0.3618409,-0.8470095,-3.9141469,251.2229462,0.0000000,0.0000000
-0.3514718,-0.9043210,-3.8820076,251.2754669,0.0000000,0.0000000
-0.4081247,-0.8005347,-3.9330876,251.3280029,0.0000000,0.0000000
-0.2427628,-0.8077534,-4.0576596,251.3804626,0.0000000,0.0000000
-0.2976539,-0.5631173,-4.0790739,251.4329529,0.0000000,0.0000000
-0.5273731,-0.5393801,-4.0442557,251.4855042,0.0000000,0.0000000
-0.5134571,-0.5005612,-4.0781598,251.5379791,0.0000000,0.0000000
-0.2457168,-0.3407599,-4.1641264,251.5904541,0.0000000,0.0000000
-0.4420806,-0.3771111,-4.1469278,251.6429901,0.0000000,0.0000000
-0.2306280,-0.0979617,-4.1247039,251.6954651,0.0000000,0.0000000
-0.6641755,-0.0412115,-4.0994749,251.7479706,0.0000000,0.0000000
-0.5233151,0.0602851,-4.1073470,251.8005066,0.0000000,0.0000000
-0.3063969,0.4653041,-4.1225433,251.8529663,0.0000000,0.0000000
-0.3866008,0.0497680,-4.1545510,251.9054718,0.0000000,0.0000000
-0.7235653,0.1002347,-4.1432190,251.9579926,0.0000000,0.0000000
-0.5937420,0.1899004,-4.1840367,252.0104370,0.0000000,0.0000000
-0.5812387,0.3726455,-4.1834855,252.0630035,0.0000000,0.0000000
-0.6158194,0.3748442,-4.2028999,252.1154480,0.0000000,0.0000000
-0.6412360,0.5546038,-4.2459812,252.1679993,0.0000000,0.0000000
-0.5591856,0.6242400,-4.2818255,252.2204590,0.0000000,0.0000000
-0.8237599,0.6860262,-4.2802620,252.2729645,0.0000000,0.0000000
-0.6854672,0.7281881,-4.3419967,252.3255005,0.0000000,0.0000000
-0.7947063,0.8195505,-4.3327942,252.3780060,0.0000000,0.0000000
-0.6495408,0.8902531,-4.3860788,252.4304657,0.0000000,0.0000000
-0.8460272,1.0887550,-4.3718486,252.4830017,0.0000000,0.0000000
-0.9609195,0.9431159,-4.4302726,252.5355072,0.0000000,0.0000000
-0.8517842,1.4750308,-4.4274530,252.5880127,0.0000000,0.0000000
-1.1849132,1.2248045,-4.3800163,252.6404419,0.0000000,0.0000000
-0.7022681,1.2186201,-4.4728274,252.6929932,0.0000000,0.0000000
-0.9201691,1.3332949,-4.4149499,252.7454681,0.0000000,0.0000000
-0.7265767,1.3475524,-4.4126062,252.7979736,0.0000000,0.0000000
-0.9552048,1.3978647,-4.3772368,252.8505096,0.0000000,0.0000000
-0.9864724,1.3528705,-4.3809609,252.9030151,0.0000000,0.0000000
-1.0237309,1.5727370,-4.3203535,252.9554901,0.0000000,0.0000000
-1.0444989,1.3892635,-4.3843164,253.0079346,0.0000000,0.0000000
-0.8195959,1.5498879,-4.3832164,253.0604858,0.0000000,0.0000000
-0.9523735,1.5023512,-4.3840475,253.1129761,0.0000000,0.0000000
-0.6589488,1.6739357,-4.4215527,253.1654510,0.0000000,1.0000000
-1.0411079,1.6861751,-4.3445497,253.2179413,0.0000000,1.0000000
-1.0747429,1.6374444,-4.2910280,253.2704926,0.0000000,1.0000000
-0.7314189,1.6057311,-4.3451476,253.3229370,0.0000000,1.0000000
-1.0793495,1.6382453,-4.3380179,253.3755341,0.0000000,1.0000000
-0.7094265,1.5906910,-4.3726420,253.4280090,0.0000000,1.0000000
-0.7597228,1.4928361,-4.4045186,253.4805145,0.0000000,1.0000000
-0.8454697,1.4431703,-4.3626256,253.5329285,0.0000000,1.0000000
-0.6036052,1.3176010,-4.3661423,253.5854797,0.0000000,1.0000000
-0.9426453,1.2486322,-4.2543383,253.6379852,0.0000000,1.0000000
-0.7371835,0.9893939,-4.2389541,253.6904449,0.0000000,1.0000000
-0.6866251,1.0264665,-4.2012382,253.7429352,0.0000000,1.0000000
-0.6461066,1.9693735,-3.9439201,253.7955017,0.0000000,1.0000000
-0.6542751,1.7387822,-3.8990431,253.8479462,0.0000000,1.0000000
-0.6543658,1.5825098,-3.8616195,253.9004364,0.0000000,1.0000000
-0.8012745,0.3860960,-3.8474281,253.9530029,1.0000000,0.0000000
-0.6833543,-0.7021614,-3.8852859,254.0055084,0.0000000,0.0000000
-0.9517862,-0.7137105,-3.7779160,254.0579529,0.0000000,0.0000000
-0.7995544,-0.5628904,-3.7285101,254.1104279,0.0000000,0.0000000
-0.6364211,-0.3477926,-3.7165444,254.1630096,0.0000000,0.0000000
-0.6036490,-0.3858025,-3.6345737,254.2154541,0.0000000,0.0000000
-0.6808022,-0.2613164,-3.6155701,254.2680206,0.0000000,0.0000000
-0.5417965,-0.1795082,-3.5767612,254.3205109,0.0000000,0.0000000
-0.6896397,-0.1962016,-3.6083386,254.3730011,0.0000000,0.0000000
-0.4684069,0.0570906,-3.5734673,254.4254913,0.0000000,0.0000000
-0.5839815,-0.0485801,-3.6133573,254.4779968,0.0000000,0.0000000
-0.6961664,0.1215854,-3.4801741,254.5304718,0.0000000,0.0000000
-0.9264570,0.3071624,-3.4832392,254.5829620,0.0000000,0.0000000
-0.8205392,0.2258164,-3.4866295,254.6354370,0.0000000,0.0000000
-1.0300609,0.3714317,-3.4757543,254.6879578,0.0000000,0.0000000
-0.9346568,0.1601117,-3.5003455,254.7404938,0.0000000,0.0000000
-0.8970833,0.3716622,-3.5225112,254.7929688,0.0000000,0.0000000
-1.2760100,0.3871351,-3.4442689,254.8455048,0.0000000,0.0000000
-0.8023199,0.2092537,-3.5565853,254.8980103,0.0000000,0.0000000
-1.0753573,0.4060007,-3.4703276,254.9504547,0.0000000,0.0000000
-1.0263199,0.2343065,-3.5497518,255.0030060,0.0000000,0.0000000
-1.0496622,0.2339956,-3.5940328,255.0554962,0.0000000,0.0000000
-1.3052878,0.3167306,-3.5565693,255.1079407,0.0000000,0.0000000
-1.2105886,0.0611414,-3.6326556,255.1604614,0.0000000,0.0000000
-1.3090781,0.2757288,-3.5970507,255.2129669,0.0000000,0.0000000
-1.3582882,0.0096330,-3.6431336,255.2655029,0.0000000,0.0000000
-1.2999910,0.0853299,-3.7017488,255.3179932,0.0000000,0.0000000
-1.5610759,0.1801007,-3.6715536,255.3704681,0.0000000,0.0000000
-1.4489708,0.0539459,-3.7307351,255.4229279,0.0000000,0.0000000
-1.7990681,0.0384288,-3.7023165,255.4755096,1.0000000,0.0000000
-1.8178347,0.0741661,-3.6934347,255.5279694,1.0000000,0.0000000
-1.8784226,-0.0761952,-3.7129717,255.5805054,1.0000000,0.0000000
-1.7471594,-0.0318193,-3.7814786,255.6329803,1.0000000,0.0000000
-1.7773265,-0.1047938,-3.7788606,255.6855164,1.0000000,0.0000000
-1.8695123,0.0157003,-3.7931726,255.7379456,1.0000000,0.0000000
-2.0912900,0.1018230,-3.7608924,255.7905121,1.0000000,0.0000000
-1.8299012,0.0113668,-3.8111396,255.8430023,1.0000000,0.0000000
-1.8708445,0.0445741,-3.7921419,255.8954926,1.0000000,0.0000000
-1.5435697,0.0450226,-3.8206074,255.9479523,1.0000000,0.0000000
-1.8130841,-0.0500135,-3.7864354,256.0004272,1.0000000,0.0000000
-2.1812937,-0.0074201,-3.7140491,256.0529785,1.0000000,0.0000000
-1.3886967,-0.1539812,-3.7564471,256.1055298,1.0000000,0.0000000
-1.3329402,-0.0574709,-3.7282782,256.1579895,1.0000000,0.0000000
-1.3142741,-0.1019097,-3.6873293,256.2104187,1.0000000,0.0000000
-1.3133752,-0.0745388,-3.6384156,256.2630005,1.0000000,0.0000000
-1.2842671,-0.0369555,-3.6191795,256.3154907,1.0000000,0.0000000
-1.2243888,0.0651998,-3.5681083,256.3679504,1.0000000,0.0000000
-1.1220948,-0.1493064,-3.5392196,256.4205017,1.0000000,0.0000000
-1.0541250,-0.1094152,-3.4945104,256.4729919,1.0000000,0.0000000
-1.0177950,0.1212888,-3.5041265,256.5255127,1.0000000,0.0000000
-0.8793773,0.0146976,-3.4913199,256.5780029,1.0000000,0.0000000
-0.7964886,-0.0166973,-3.5056241,256.6304626,0.0000000,0.0000000
-0.7960520,0.0195716,-3.5288074,256.6829529,0.0000000,0.0000000
-0.7849346,0.0884946,-3.5432041,256.7354736,0.0000000,0.0000000
-0.5399470,0.0300978,-3.5617404,256.7879639,0.0000000,0.0000000
-1.0293386,0.1024127,-3.5279112,256.8405151,0.0000000,0.0000000
-0.7781266,0.1260305,-3.6336849,256.8930359,0.0000000,0.0000000
-0.6907986,0.1534272,-3.6864293,256.9454956,0.0000000,0.0000000
-0.7652131,0.1691945,-3.7127063,256.9980164,0.0000000,0.0000000
-1.0543801,0.3016193,-3.6769824,257.0504761,0.0000000,0.0000000
-0.6747386,0.2773487,-3.8297229,257.1029358,0.0000000,0.0000000
-1.1139436,0.4286214,-3.8281059,257.1554565,0.0000000,0.0000000
-0.7178823,0.3151716,-3.9658945,257.2079468,0.0000000,0.0000000
-0.7473684,0.4197041,-4.0227437,257.2605286,0.0000000,0.0000000
-1.0174147,0.5727233,-4.0819221,257.3129272,0.0000000,0.0000000
-0.8360175,0.5006622,-4.1797075,257.3654785,0.0000000,0.0000000
-0.9422390,0.7102933,-4.1924047,257.4179688,0.0000000,0.0000000
-1.0272964,0.7621489,-4.3217292,257.4705200,0.0000000,0.0000000
-1.1614293,0.7231867,-4.3643236,257.5229797,0.0000000,0.0000000
-1.1399370,0.7624109,-4.4604926,257.5754700,0.0000000,0.0000000
-1.1179643,0.9196314,-4.5724864,257.6279297,0.0000000,0.0000000
-1.0822090,0.9906073,-4.6525164,257.6804504,0.0000000,0.0000000
-1.0663913,0.9697024,-4.7002020,257.7329407,0.0000000,0.0000000
-1.1614611,0.9521677,-4.6844039,257.7854919,0.0000000,0.0000000
-1.2928988,1.2642945,-4.6845455,257.8379517,0.0000000,0.0000000
-1.2978839,1.2704785,-4.6449089,257.8905029,0.0000000,0.0000000
-1.1125773,1.1316247,-4.7333088,257.9429932,0.0000000,0.0000000
-1.2991669,1.2792280,-4.7128272,257.9955444,0.0000000,0.0000000
-1.1281463,1.1600002,-4.7566123,258.0480042,0.0000000,0.0000000
-1.3994610,1.4019525,-4.7546296,258.1004944,0.0000000,0.0000000
-1.0580661,1.1742545,-4.7505832,258.1529846,0.0000000,0.0000000
-1.4020783,1.4611393,-4.6814113,258.2055054,0.0000000,0.0000000
-1.0947762,1.2866682,-4.6969795,258.2579346,0.0000000,0.0000000
-1.3500149,1.5694855,-4.5969872,258.3104553,0.0000000,0.0000000
-1.1340948,1.3190546,-4.6287360,258.3630371,0.0000000,0.0000000
-1.3010132,1.4080893,-4.5625048,258.4154358,0.0000000,1.0000000
-1.2563312,1.4347687,-4.4789166,258.4680176,0.0000000,1.0000000
-1.4644237,1.3427744,-4.4096031,258.5205078,0.0000000,1.0000000
-1.3357788,1.3615668,-4.3578691,258.5729980,0.0000000,1.0000000
-1.3514426,1.3337338,-4.3438096,258.6254272,0.0000000,1.0000000
-1.4325402,1.3209560,-4.3135881,258.6780090,0.0000000,1.0000000
-1.3566003,1.1384872,-4.2970405,258.7304382,0.0000000,1.0000000
-1.3420845,1.0448020,-4.2362275,258.7829895,0.0000000,1.0000000
-1.4278004,1.1618886,-4.1320100,258.8354797,0.0000000,1.0000000
-1.2536826,1.7414021,-4.0376878,258.8880005,0.0000000,1.0000000
-1.3833930,0.7161540,-4.0498843,258.9404907,0.0000000,0.0000000
-1.4566774,0.6457927,-3.9481413,258.9930115,0.0000000,0.0000000
-1.0683386,0.3160577,-3.9621274,259.0455017,0.0000000,0.0000000
-1.2253881,0.1018879,-3.9041998,259.0979614,0.0000000,0.0000000
-1.1881067,0.3363145,-3.7840526,259.1504211,0.0000000,0.0000000
-1.3078470,0.2380554,-3.7802420,259.2029419,0.0000000,0.0000000
-1.1266320,0.2285679,-3.7906592,259.2554626,0.0000000,0.0000000
-1.2317107,0.0250774,-3.7580979,259.3079834,0.0000000,0.0000000
-1.0867503,0.1544383,-3.7362201,259.3605042,0.0000000,0.0000000
-1.4417545,0.5126492,-3.6026294,259.4129944,0.0000000,0.0000000
-1.3573341,0.1854489,-3.6549182,259.4654541,0.0000000,0.0000000
-1.3587763,0.0189966,-3.6098979,259.5179443,0.0000000,0.0000000
-1.0386211,0.2591834,-3.5833337,259.5704956,0.0000000,0.0000000
-0.9934914,0.2795341,-3.5402708,259.6229858,0.0000000,0.0000000
-0.8503369,0.0195488,-3.5546987,259.6754761,0.0000000,0.0000000
-0.9832121,0.0788300,-3.4961979,259.7279663,0.0000000,0.0000000
-1.1540155,0.1946719,-3.4646523,259.7805176,0.0000000,0.0000000
-1.1442702,0.0264745,-3.4774399,259.8329468,0.0000000,0.0000000
-1.0538111,0.0794214,-3.4782863,259.8854980,0.0000000,0.0000000
-1.0965430,0.0855122,-3.5236340,259.9379883,0.0000000,0.0000000
-1.1337680,-0.0888150,-3.5504885,259.9904480,0.0000000,0.0000000
-0.9773122,0.0413214,-3.5956593,260.0429688,0.0000000,0.0000000
-1.1597117,0.1364253,-3.5898602,260.0954590,0.0000000,0.0000000
-1.0065788,0.0336404,-3.6749845,260.1479797,0.0000000,0.0000000
-1.1518708,0.0252812,-3.7107565,260.2005005,0.0000000,0.0000000
-1.2736311,-0.0101070,-3.7278514,260.2529297,0.0000000,0.0000000
-1.2926304,0.0662072,-3.7893348,260.3055115,0.0000000,0.0000000
-1.1727403,0.0916972,-3.8537674,260.3579407,0.0000000,0.0000000
-1.1480904,0.0147063,-3.9005547,260.4104309,0.0000000,0.0000000
-1.2838986,0.0445478,-3.9309831,260.4630127,0.0000000,0.0000000
-1.1965255,-0.0455390,-3.9997220,260.5154724,0.0000000,0.0000000
-1.0281060,-0.0309193,-4.0738106,260.5679626,0.0000000,0.0000000
-1.1320708,-0.1057830,-4.0530014,260.6204529,0.0000000,0.0000000
-1.1267776,-0.0171661,-4.1267123,260.6729431,0.0000000,0.0000000
-0.9675328,-0.0203554,-4.2008810,260.7254639,0.0000000,0.0000000
-1.1950662,0.0128345,-4.1476512,260.7779846,0.0000000,0.0000000
-1.0115598,-0.0255985,-4.2187228,260.8304749,0.0000000,0.0000000
-1.1401613,-0.1543874,-4.2028065,260.8829651,0.0000000,0.0000000
-1.2925129,-0.1875408,-4.2109399,260.9354858,0.0000000,0.0000000
-1.3753321,-0.0708174,-4.1976790,260.9879761,0.0000000,0.0000000
-1.1856494,-0.1479099,-4.2376237,261.0404358,0.0000000,0.0000000
-1.2270254,0.0174542,-4.1964159,261.0929565,0.0000000,0.0000000
-1.3954233,-0.0615533,-4.1569815,261.1455383,0.0000000,0.0000000
-1.3330734,0.0554485,-4.1528411,261.1979675,0.0000000,0.0000000
-1.0153079,0.0846335,-4.1793079,261.2504578,0.0000000,0.0000000
-1.2184286,0.0243739,-4.1198359,261.3029480,0.0000000,0.0000000
-1.2062306,0.1031391,-4.0829911,261.3554382,0.0000000,0.0000000
-0.9486818,-0.0328761,-4.1179895,261.4080200,0.0000000,0.0000000
-0.9622823,0.1026732,-4.1269636,261.4605103,0.0000000,0.0000000
-1.2255003,0.0045159,-4.1532598,261.5130005,0.0000000,0.0000000
-1.0982134,-0.0433955,-4.1845164,261.5654907,0.0000000,0.0000000
-1.1828270,-0.0498395,-4.1614718,261.6179504,0.0000000,0.0000000
-1.4330064,0.1605037,-4.0763874,261.6704407,0.0000000,0.0000000
-1.5950559,-0.0249444,-4.0657954,261.7229309,0.0000000,0.0000000
-1.3027325,-0.1335104,-4.1352177,261.7755127,0.0000000,0.0000000
-1.2772343,-0.2776903,-4.1236067,261.8280029,0.0000000,0.0000000
-1.2445521,-0.2168584,-4.1383996,261.8804932,0.0000000,0.0000000
-1.1980228,-0.2703156,-4.1306605,261.9329529,0.0000000,0.0000000
-1.3348455,-0.1295784,-4.1080899,261.9855042,0.0000000,0.0000000
-1.4505460,-0.3420103,-4.0833354,262.0379944,1.0000000,0.0000000
-1.4348571,-0.3099195,-4.0559416,262.0904846,1.0000000,0.0000000
-1.4710065,-0.4260936,-4.0550528,262.1429443,1.0000000,0.0000000
-1.2776319,-0.6157179,-4.0804601,262.1955261,1.0000000,0.0000000
-1.5733861,-0.4882042,-4.0146375,262.2479553,1.0000000,0.0000000
-1.5342201,-0.4857473,-4.0201421,262.3004761,1.0000000,0.0000000
-1.4185004,-0.6736736,-4.0206585,262.3529358,1.0000000,0.0000000
-1.1986010,-0.7008615,-4.0257249,262.4054565,1.0000000,0.0000000
-1.1336358,-0.6222355,-4.0558844,262.4579773,1.0000000,0.0000000
-1.3427727,-0.7209716,-4.0172081,262.5104370,1.0000000,0.0000000
-1.3123953,-0.8112836,-4.0300360,262.5629883,1.0000000,0.0000000
-1.3602628,-0.8162887,-4.0239358,262.6154480,1.0000000,0.0000000
-1.2461556,-0.8958442,-4.0639086,262.6679993,1.0000000,0.0000000
-1.2620742,-0.9044785,-4.0292945,262.7204285,1.0000000,0.0000000
-1.0039927,-0.9823385,-4.0642304,262.7730103,1.0000000,0.0000000
-1.0790056,-1.1942109,-4.1104813,262.8255005,1.0000000,0.0000000
-1.1890184,-0.9414036,-4.0199766,262.8780212,1.0000000,0.0000000
-1.2786142,-1.0297338,-4.0086017,262.9305115,1.0000000,0.0000000
-1.1743491,-0.9847043,-4.0609870,262.9829407,1.0000000,0.0000000
-1.0972739,-1.2203943,-4.0244389,263.0354919,1.0000000,0.0000000
-1.0133187,-1.2826020,-3.9930410,263.0879822,1.0000000,0.0000000
-0.9649150,-1.1633018,-4.0173230,263.1404419,1.0000000,0.0000000
-0.6737776,-1.3274349,-3.9939189,263.1929932,0.0000000,0.0000000
-1.0030720,-1.1847171,-3.9637675,263.2455139,0.0000000,0.0000000
-0.9923128,-1.4115170,-3.9680853,263.2980042,0.0000000,0.0000000
-0.7174242,-1.4470595,-4.0217638,263.3504333,0.0000000,0.0000000
-0.7025086,-1.6115004,-4.0510530,263.4030151,0.0000000,1.0000000
-0.9105843,-1.8030082,-4.1040916,263.4555054,0.0000000,1.0000000
-0.9187270,-1.4566433,-4.0892496,263.5079956,0.0000000,1.0000000
-0.4232175,-1.6934543,-4.1736355,263.5605164,0.0000000,1.0000000
-0.8729718,-1.4716650,-4.0763831,263.6129761,0.0000000,1.0000000
-0.7354670,-1.6768607,-4.1054826,263.6654968,0.0000000,1.0000000
-0.7337892,-1.6040422,-4.1278896,263.7179565,0.0000000,1.0000000
-0.4197327,-1.7088540,-4.1744943,263.7705078,0.0000000,1.0000000
-0.6743894,-1.4415547,-4.1656547,263.8229675,0.0000000,1.0000000
-0.8860570,-1.5594734,-4.1359005,263.8755493,0.0000000,1.0000000
-0.7803465,-1.6033490,-4.1509023,263.9279785,0.0000000,1.0000000
-0.7327571,-1.6478391,-4.1312351,263.9805298,0.0000000,1.0000000
-0.5203549,-1.6304621,-4.1040916,264.0329285,0.0000000,1.0000000
-0.6337478,-1.5038927,-4.0654931,264.0855103,0.0000000,1.0000000
-0.6008575,-1.5077703,-4.0330405,264.1379395,0.0000000,1.0000000
-0.5038703,-1.7766353,-4.0097895,264.1904602,0.0000000,1.0000000
-0.5242509,-1.4712837,-4.0061498,264.2430115,0.0000000,1.0000000
-0.1747486,-1.6831672,-4.0479789,264.2955322,0.0000000,1.0000000
-0.6184825,-1.2445731,-3.9580567,264.3479309,0.0000000,1.0000000
-0.8415409,-1.2942709,-3.8899817,264.4004517,0.0000000,1.0000000
-0.4198048,-1.3887537,-3.9550190,264.4529724,0.0000000,1.0000000
-0.7810996,-2.6835515,-3.7408717,264.5054932,0.0000000,1.0000000
-0.5360715,-1.3742623,-3.8758397,264.5579224,0.0000000,1.0000000
-0.3482026,-1.1698930,-3.8381081,264.6105042,0.0000000,1.0000000
-0.3599778,-1.1546369,-3.8104718,264.6629333,0.0000000,1.0000000
-0.1556695,-1.3921813,-3.8431511,264.7154541,0.0000000,1.0000000
-0.4733626,-0.9759874,-3.7105715,264.7680359,0.0000000,1.0000000
-0.1753843,-1.1935177,-3.7616389,264.8205261,0.0000000,1.0000000
-0.3895165,-1.0480796,-3.6654179,264.8730164,0.0000000,1.0000000
-0.1561280,-0.9988985,-3.6828096,264.9255066,0.0000000,0.0000000
-0.2536150,-0.8776819,-3.6094470,264.9779968,0.0000000,0.0000000
-0.4182004,-0.6229175,-3.5540245,265.0304565,0.0000000,0.0000000
-0.3999021,-0.6415731,-3.5159621,265.0829773,0.0000000,0.0000000
-0.1487271,-0.7475093,-3.5690398,265.1354980,0.0000000,0.0000000
-0.5555186,-0.6135949,-3.4467607,265.1880188,0.0000000,0.0000000
-0.5523732,-0.6506750,-3.4368656,265.2404480,0.0000000,0.0000000
-0.3283139,-0.7739396,-3.4664431,265.2929688,0.0000000,0.0000000
-0.3947851,-0.8086832,-3.4666290,265.3454590,0.0000000,0.0000000
-0.3460563,-0.7808931,-3.4280097,265.3980103,0.0000000,0.0000000
-0.5158688,-0.6304238,-3.4313154,265.4504700,0.0000000,0.0000000
-0.1342807,-0.9593054,-3.5278506,265.5029602,0.0000000,0.0000000
-0.5310607,-0.6779841,-3.4888568,265.5554810,0.0000000,0.0000000
-0.4620884,-0.8923571,-3.4990804,265.6080017,0.0000000,0.0000000
-0.3916793,-0.6985515,-3.5116298,265.6604309,0.0000000,0.0000000
-0.2980330,-0.7456734,-3.5676665,265.7129822,0.0000000,0.0000000
-0.5620463,-0.6039784,-3.5175879,265.7654724,0.0000000,0.0000000
-0.4538262,-0.6329416,-3.5286202,265.8179321,0.0000000,0.0000000
-0.3252714,-0.6941189,-3.5774965,265.8705139,0.0000000,0.0000000
-0.5890089,-0.4758655,-3.5228825,265.9229736,0.0000000,0.0000000
-0.0309022,-0.7112666,-3.6281128,265.9754639,0.0000000,0.0000000
-0.2204576,-0.6767974,-3.6293788,266.0279541,0.0000000,0.0000000
-0.2740638,-0.7915617,-3.6479847,266.0804749,0.0000000,0.0000000
-0.4141127,-0.6643665,-3.6046717,266.1330261,0.0000000,0.0000000
-0.3869378,-0.4783953,-3.6140196,266.1854858,0.0000000,0.0000000
-0.2872499,-0.7414532,-3.6809528,266.2379761,0.0000000,0.0000000
-0.3514491,-0.4089375,-3.6447687,266.2904663,0.0000000,0.0000000
-0.2565099,-0.3909712,-3.6414309,266.3429260,0.0000000,0.0000000
-0.6411359,-0.2442835,-3.5973525,266.3954773,0.0000000,0.0000000
-0.4224934,-0.6310432,-3.6424086,266.4479675,0.0000000,0.0000000
-0.2755549,-0.3429140,-3.6652331,266.5004578,0.0000000,0.0000000
-0.3388743,-0.3488908,-3.6789718,266.5529480,0.0000000,0.0000000
-0.5891944,-0.3244865,-3.6534109,266.6055298,0.0000000,0.0000000
-0.5401947,-0.4331364,-3.7071755,266.6580200,0.0000000,0.0000000
-0.5664417,-0.4406761,-3.7408464,266.7105103,0.0000000,0.0000000
-0.1785903,-0.5496162,-3.8504605,266.7629395,0.0000000,0.0000000
-0.5884456,-0.5020941,-3.8808184,266.8154907,0.0000000,0.0000000
-0.1549979,-0.5971832,-4.0131230,266.8680115,0.0000000,0.0000000
-0.5497246,-0.2782407,-3.9656346,266.9204712,0.0000000,0.0000000
-0.2668460,-0.5018424,-4.0637932,266.9730225,0.0000000,0.0000000
-0.3781658,-0.4919448,-4.1388578,267.0255127,0.0000000,0.0000000
-0.3151313,-0.4223250,-4.1698356,267.0780029,0.0000000,0.0000000
-0.2763115,-0.4237507,-4.2260590,267.1304321,0.0000000,0.0000000
-0.0875179,-0.4165278,-4.2814426,267.1829224,0.0000000,0.0000000
-0.3755213,-0.6568758,-4.2496815,267.2354431,0.0000000,0.0000000
-0.1364520,-0.8119503,-4.2672424,267.2879639,0.0000000,0.0000000
-0.1391817,-0.8700205,-4.2427044,267.3405151,0.0000000,0.0000000
-0.2005244,-0.9033952,-4.2537708,267.3930054,0.0000000,0.0000000
0.1688027,-0.8796681,-4.2784729,267.4454956,0.0000000,0.0000000
0.4023795,-1.8482778,-4.0859408,267.4980164,0.0000000,1.0000000
0.8419397,-2.3226717,-4.1568809,267.5504761,0.0000000,1.0000000
-0.0810867,-0.9425376,-4.2641854,267.6029663,0.0000000,1.0000000
-0.0713440,-0.8235373,-4.2624216,267.6554871,0.0000000,1.0000000
0.1094367,-1.2813019,-4.2751584,267.7079468,0.0000000,1.0000000
0.3075664,-1.2339514,-4.2320833,267.7604980,0.0000000,1.0000000
0.1613119,-1.0972060,-4.1767821,267.8129883,0.0000000,1.0000000
0.1328561,-1.2981302,-4.1951308,267.8654480,0.0000000,1.0000000
0.3244217,-1.2809145,-4.2002802,267.9179382,0.0000000,1.0000000
0.2756648,-1.3654757,-4.2487082,267.9705200,0.0000000,1.0000000
0.3458284,-1.4005316,-4.2490149,268.0229797,0.0000000,1.0000000
0.8254327,-1.5417237,-4.2634254,268.0755005,0.0000000,1.0000000
2.4716060,-4.7765636,-4.5300403,268.1279297,1.0000000,1.0000000
0.8515018,-1.2489541,-4.2504778,268.1804810,1.0000000,1.0000000
0.8951503,-1.4451438,-4.1663322,268.2329712,1.0000000,1.0000000
0.8519433,-1.3600737,-4.2002144,268.2855225,1.0000000,1.0000000
0.5821255,-1.3345999,-4.1657748,268.3379822,0.0000000,1.0000000
1.1611576,-1.4948810,-4.2318048,268.3904419,0.0000000,1.0000000
0.8839851,-1.5292751,-4.2420053,268.4429321,0.0000000,1.0000000
1.2603049,-1.6908897,-4.2693748,268.4955139,0.0000000,1.0000000
1.2732426,-1.5905000,-4.2575421,268.5479431,0.0000000,1.0000000
1.0781354,-1.6267921,-4.2467022,268.6004944,0.0000000,1.0000000
1.0859050,-1.6164746,-4.2510953,268.6530151,0.0000000,1.0000000
0.9358574,-1.6506709,-4.2096219,268.7054749,0.0000000,1.0000000
1.2653298,-1.7386039,-4.2483039,268.7579651,0.0000000,1.0000000
1.2062745,-1.8525468,-4.2094021,268.8105164,0.0000000,1.0000000
1.2683797,-1.7172989,-4.2323918,268.8630066,0.0000000,1.0000000
1.1600257,-1.5931723,-4.3351555,268.9155273,0.0000000,1.0000000
1.1288614,-1.7222316,-4.3219843,268.9680176,0.0000000,1.0000000
1.2405633,-1.7230833,-4.3004541,269.0204468,0.0000000,1.0000000
1.2754899,-2.7375422,-4.4270935,269.0730286,0.0000000,1.0000000
1.4358280,-1.8434039,-4.3682222,269.1254272,0.0000000,1.0000000
1.3170367,-1.5967060,-4.3776541,269.1779785,0.0000000,1.0000000
1.6660715,-1.7252722,-4.3527875,269.2304993,1.0000000,1.0000000
1.4615829,-1.7192073,-4.3808632,269.2829590,1.0000000,1.0000000
1.5594043,-1.6633135,-4.4007511,269.3354797,1.0000000,1.0000000
1.5541009,-1.7144669,-4.4049387,269.3879700,1.0000000,1.0000000
1.8092910,-1.8520693,-4.4063940,269.4404297,1.0000000,1.0000000
1.9454203,-1.6949666,-4.4948845,269.4930115,1.0000000,1.0000000
1.7788925,-1.7980324,-4.4608669,269.5454712,1.0000000,1.0000000
1.9486991,-1.7630786,-4.4713817,269.5980225,1.0000000,1.0000000
1.6063666,-1.6329505,-4.4084105,269.6504517,1.0000000,1.0000000
1.8803649,-1.7868793,-4.2908974,269.7029419,1.0000000,1.0000000
1.7842609,-1.3505226,-4.3302197,269.7554321,1.0000000,1.0000000
1.8369803,-1.3949199,-4.2538071,269.8079224,1.0000000,1.0000000
1.5050321,-1.2338493,-4.1849608,269.8605042,1.0000000,1.0000000
1.3383880,-1.1910211,-4.1345572,269.9129944,1.0000000,1.0000000
1.0185795,-1.1724594,-4.0796742,269.9654541,1.0000000,1.0000000
2.3445528,-2.2354393,-3.8404984,270.0179443,1.0000000,1.0000000
0.8408616,-1.0545976,-3.9747777,270.0704346,1.0000000,1.0000000
0.8749230,-1.0630488,-3.9669771,270.1229248,1.0000000,1.0000000
0.7695591,-0.9365680,-3.9103310,270.1755066,0.0000000,1.0000000
0.6494603,-0.9494122,-3.8515921,270.2279358,0.0000000,1.0000000
0.5134118,-1.0986757,-3.8440685,270.2804871,0.0000000,1.0000000
2.4770737,-1.6700082,-3.8441896,270.3329468,1.0000000,1.0000000
1.9539942,-1.4003674,-3.7603469,270.3855286,1.0000000,1.0000000
0.7748208,-1.3022692,-3.7830396,270.4380188,0.0000000,0.0000000
-0.4026623,-0.5772693,-3.7758322,270.4904785,0.0000000,0.0000000
1.0673822,-1.5813848,-3.6259773,270.5429993,0.0000000,0.0000000
-0.0104453,-0.6450259,-3.6959586,270.5955200,0.0000000,0.0000000
0.0254984,-0.8311553,-3.7094626,270.6480103,0.0000000,0.0000000
0.0574905,-0.8320048,-3.7331157,270.7004700,0.0000000,0.0000000
0.2374781,-1.0625697,-3.7448375,270.7529602,0.0000000,1.0000000
0.2327650,-1.0833234,-3.6481099,270.8054810,0.0000000,1.0000000
-0.1041082,-1.0180670,-3.7134562,270.8579712,0.0000000,1.0000000
0.2651556,-0.9665560,-3.7909839,270.9104919,0.0000000,1.0000000
0.2449921,-1.1374495,-3.8677619,270.9629822,0.0000000,1.0000000
0.4975390,-2.1131506,-4.4856687,271.0155334,0.0000000,1.0000000
0.2365252,-1.3546070,-3.8673065,271.0680237,0.0000000,1.0000000
0.2754458,-1.2402143,-3.8992517,271.1205139,0.0000000,1.0000000
0.2563512,-1.4581572,-3.9634314,271.1729431,0.0000000,1.0000000
0.1187575,-1.4561138,-3.9857745,271.2254639,0.0000000,1.0000000
0.4082663,-1.6630927,-4.1527758,271.2780151,0.0000000,1.0000000
0.1513981,-1.4920143,-4.1963801,271.3304443,0.0000000,1.0000000
0.5163062,-1.7819335,-4.3054132,271.3830261,0.0000000,1.0000000
0.2528273,-1.5221182,-4.3201237,271.4354553,0.0000000,1.0000000
0.5611252,-1.7764663,-4.3374124,271.4879761,0.0000000,1.0000000
0.5369862,-1.6417987,-4.3625555,271.5404358,0.0000000,1.0000000
0.4181237,-1.7714896,-4.3913369,271.5929871,0.0000000,1.0000000
0.3459547,-1.9804491,-4.3382416,271.6455078,0.0000000,1.0000000
0.6163806,-1.9068264,-4.3885770,271.6979675,0.0000000,1.0000000
0.2751145,-2.0261421,-4.3739738,271.7504272,0.0000000,1.0000000
0.5957339,-2.0595651,-4.4076848,271.8030090,0.0000000,1.0000000
0.5698673,-2.0764039,-4.3982210,271.8554993,0.0000000,1.0000000
0.8305141,-2.1142282,-4.4240756,271.9080200,0.0000000,1.0000000
0.8963963,-2.1335881,-4.4427247,271.9605103,0.0000000,1.0000000
0.8606791,-2.1872749,-4.4690852,272.0130005,0.0000000,1.0000000
0.6651061,-2.2800534,-4.5149903,272.0655212,0.0000000,1.0000000
1.0523629,-2.2554610,-4.5748391,272.1180115,0.0000000,1.0000000
0.9866989,-2.3111150,-4.5948429,272.1705017,0.0000000,1.0000000
0.8226601,-2.3124468,-4.6431923,272.2229614,0.0000000,1.0000000
0.9106013,-2.3007963,-4.6691165,272.2754822,0.0000000,1.0000000
1.4539770,-2.3261929,-4.6623955,272.3280029,0.0000000,1.0000000
1.6486044,-3.4129398,-4.6452246,272.3804932,1.0000000,1.0000000
1.2239848,-2.0094020,-4.5829639,272.4329224,1.0000000,1.0000000
1.1313134,-2.1096272,-4.4851570,272.4854736,1.0000000,1.0000000
1.0025779,-1.9996269,-4.4044218,272.5379944,1.0000000,1.0000000
1.2609062,-1.7977720,-4.2816453,272.5904541,1.0000000,1.0000000
1.2668507,-1.6882833,-4.2042589,272.6429443,1.0000000,1.0000000
1.5601889,-1.5792828,-4.1766090,272.6955261,1.0000000,1.0000000
1.2513305,-1.4032441,-4.1780195,272.7479248,1.0000000,1.0000000
1.3291115,-1.1990452,-4.1589613,272.8005371,1.0000000,1.0000000
1.0885184,-0.9260415,-4.1399074,272.8529968,1.0000000,1.0000000
1.2893499,-0.9203753,-4.1257758,272.9054871,1.0000000,1.0000000
1.1993549,-0.6150147,-4.1803284,272.9580078,1.0000000,0.0000000
1.1044639,-0.5151789,-4.2237406,273.0104675,1.0000000,0.0000000
0.9969664,-0.6393360,-4.2152138,273.0629578,1.0000000,0.0000000
1.0065954,-0.4685983,-4.2623272,273.1154785,1.0000000,0.0000000
0.7637634,-0.3353801,-4.4357343,273.1679688,0.0000000,0.0000000
1.6498314,0.1711822,-4.6152859,273.2204590,1.0000000,0.0000000
0.5251312,-0.0377604,-4.5439925,273.2729492,0.0000000,0.0000000
0.6653158,-0.3141643,-4.5049205,273.3254700,0.0000000,0.0000000
0.3052456,-0.0918328,-4.5912819,273.3779907,0.0000000,0.0000000
0.4549344,-0.0185370,-4.5714822,273.4304504,0.0000000,0.0000000
0.0419823,0.1277269,-4.5943618,273.4830017,0.0000000,0.0000000
0.1287693,0.1700326,-4.5436201,273.5354614,0.0000000,0.0000000
0.1811669,-0.0790454,-4.5343785,273.5880127,0.0000000,0.0000000
0.1938503,0.1254136,-4.5030651,273.6404724,0.0000000,0.0000000
0.0846283,0.1022755,-4.4374228,273.6930237,0.0000000,0.0000000
-0.1077492,0.1234463,-4.4242435,273.7454834,0.0000000,0.0000000
-0.1242345,0.5317254,-4.2290444,273.7979736,0.0000000,0.0000000
0.0719931,0.0208336,-4.2974420,273.8504333,0.0000000,0.0000000
0.0876393,0.1233681,-4.2235084,273.9030151,0.0000000,0.0000000
-0.1316965,0.2433500,-4.1760955,273.9555054,0.0000000,0.0000000
-0.0492201,0.1728751,-4.1479292,274.0079956,0.0000000,0.0000000
0.2049442,0.0880552,-4.1887231,274.0605164,0.0000000,0.0000000
-0.6578575,0.4458256,-4.1668644,274.1130066,0.0000000,0.0000000
0.0824503,0.2564876,-4.1908021,274.1654968,0.0000000,0.0000000
-0.0965369,0.2278143,-4.1924057,274.2180176,0.0000000,0.0000000
-0.3598793,0.3113451,-4.2287889,274.2704773,0.0000000,0.0000000
-0.3550782,0.4195386,-4.4533215,274.3229370,0.0000000,0.0000000
-0.5603653,0.3904260,-4.4165583,274.3754883,0.0000000,0.0000000
-0.0371092,0.3656773,-4.3471165,274.4279785,0.0000000,0.0000000
-0.4438401,0.8389204,-4.5456719,274.4804688,0.0000000,0.0000000
-0.3534279,0.3865687,-4.3905573,274.5329285,0.0000000,0.0000000
-0.1842989,0.5798608,-4.4519539,274.5855103,0.0000000,0.0000000
-0.3788098,0.6732926,-4.3598123,274.6380005,0.0000000,0.0000000
-0.3134125,0.7818246,-4.3347979,274.6904602,0.0000000,0.0000000
-0.4134077,0.8055643,-4.4123263,274.7429810,0.0000000,0.0000000
-0.6631935,0.9450090,-4.4306879,274.7955322,0.0000000,0.0000000
-0.4908572,0.8712389,-4.4446411,274.8480225,0.0000000,0.0000000
-0.6959313,1.0523444,-4.4056411,274.9004822,0.0000000,0.0000000
-0.7944477,1.1278931,-4.4135313,274.9529724,0.0000000,0.0000000
-0.6885510,1.1018300,-4.4866400,275.0054932,0.0000000,0.0000000
-0.8735358,2.0907612,-4.5953088,275.0579224,0.0000000,1.0000000
-0.9774863,1.3696507,-4.3994865,275.1105042,0.0000000,1.0000000
-1.0204706,1.2887144,-4.3819609,275.1629333,0.0000000,1.0000000
-1.1110711,1.2577178,-4.3952045,275.2155457,0.0000000,1.0000000
-1.2719454,1.3512768,-4.4401546,275.2680054,0.0000000,1.0000000
-1.0158682,1.4114845,-4.5717874,275.3205261,0.0000000,1.0000000
-0.9374638,1.4668788,-4.5863819,275.3729248,0.0000000,1.0000000
-1.3742938,1.3977907,-4.5685997,275.4255066,0.0000000,1.0000000
-1.0554447,1.1762187,-4.5949030,275.4779968,0.0000000,1.0000000
-1.0540754,1.1445993,-4.5895705,275.5304871,0.0000000,1.0000000
-0.8303581,0.9744030,-4.5421419,275.5829468,0.0000000,1.0000000
-1.0713872,0.8490552,-4.4210572,275.6354980,0.0000000,1.0000000
-1.1909589,0.6794346,-4.3328571,275.6879883,0.0000000,0.0000000
-1.2880634,0.6362584,-4.2827291,275.7404480,0.0000000,0.0000000
-1.0787051,0.3956253,-4.2634473,275.7929993,0.0000000,0.0000000
-1.0180844,0.5321673,-4.3077908,275.8454285,0.0000000,0.0000000
-0.8504465,0.4993664,-4.3699551,275.8980103,0.0000000,0.0000000
-1.0864446,0.4189217,-4.3321447,275.9504395,0.0000000,0.0000000
-1.3424621,0.1969983,-4.2870731,276.0029907,0.0000000,0.0000000
-1.2969846,0.0866418,-4.2940512,276.0554810,0.0000000,0.0000000
-1.4141463,0.0506215,-4.2888398,276.1080322,0.0000000,0.0000000
-1.5339684,0.2190833,-4.2402148,276.1604309,0.0000000,0.0000000
-1.7967578,0.2392469,-4.1240177,276.2130127,1.0000000,0.0000000
-1.6777343,0.2435207,-4.0851307,276.2655029,1.0000000,0.0000000
-1.4834906,0.1656203,-4.0990486,276.3179932,1.0000000,0.0000000
-1.6592231,0.3071269,-3.9988914,276.3704224,1.0000000,0.0000000
-1.8832002,0.2804627,-3.9599223,276.4229736,1.0000000,0.0000000
-1.7787033,0.2644137,-3.9408119,276.4754333,1.0000000,0.0000000
-1.9104267,0.4910844,-3.9642382,276.5280151,1.0000000,0.0000000
-1.2765466,0.2496600,-3.9444478,276.5805054,1.0000000,0.0000000
-1.6848981,0.3521088,-3.9122036,276.6329651,1.0000000,0.0000000
-1.3592186,0.3479965,-3.9450302,276.6855164,1.0000000,0.0000000
-1.8854735,0.1026848,-3.9342654,276.7379456,1.0000000,0.0000000
-1.0312480,0.1458093,-3.9191997,276.7904663,1.0000000,0.0000000
-0.9801019,0.1338401,-3.9116163,276.8429565,1.0000000,0.0000000
-1.1000227,0.1728635,-3.9061801,276.8955078,1.0000000,0.0000000
-0.9125876,0.1430944,-3.9486003,276.9479675,1.0000000,0.0000000
-1.1202859,0.2019442,-3.8898127,277.0005188,1.0000000,0.0000000
-1.7612867,0.1065481,-3.9556682,277.0529785,1.0000000,0.0000000
-0.9016335,0.1207871,-3.9448652,277.1054688,0.0000000,0.0000000
-0.9230008,0.0557503,-3.9298928,277.1580200,0.0000000,0.0000000
-0.8974122,0.0123522,-3.9146953,277.2105103,0.0000000,0.0000000
-0.7859303,0.1621641,-3.9448669,277.2630005,0.0000000,0.0000000
-0.9957050,0.0580171,-3.8654189,277.3154602,0.0000000,0.0000000
-0.6674163,0.1918685,-3.9417086,277.3679504,0.0000000,0.0000000
-1.1112405,0.1798025,-3.8280921,277.4205017,0.0000000,0.0000000
-1.2576919,0.1861352,-3.8178933,277.4729309,0.0000000,0.0000000
-1.1901939,0.1204095,-3.8472729,277.5255432,0.0000000,0.0000000
-1.0676131,0.0734185,-3.8438952,277.5779724,0.0000000,0.0000000
-1.2831969,0.1164753,-3.8843794,277.6304626,0.0000000,0.0000000
-1.5183094,0.0180052,-3.9492993,277.6829834,0.0000000,0.0000000
-1.7374753,0.0741713,-4.0579109,277.7355042,1.0000000,0.0000000
-1.8695046,-0.1224528,-4.0065641,277.7879944,1.0000000,0.0000000
-2.3052120,-0.0470975,-3.9718544,277.8404541,1.0000000,0.0000000
-2.2109373,-0.1390195,-4.0497088,277.8929749,1.0000000,0.0000000
-2.3894691,-0.1163733,-4.0252590,277.9454956,1.0000000,0.0000000
-2.9871519,-0.3250957,-4.1339145,277.9980164,1.0000000,0.0000000
-2.4194212,-0.1776241,-4.0051985,278.0504761,1.0000000,0.0000000
-2.0731535,-0.2875821,-4.0199723,278.1029968,1.0000000,0.0000000
-2.8081651,-0.1886311,-3.9982905,278.1555176,1.0000000,0.0000000
-2.0493681,-0.1623937,-3.9668884,278.2080078,1.0000000,0.0000000
-1.9298795,-0.1366692,-3.9289126,278.2604370,1.0000000,0.0000000
-1.6925788,-0.1564541,-3.8636873,278.3129883,1.0000000,0.0000000
-1.6860337,-0.2102097,-3.8070176,278.3655090,1.0000000,0.0000000
-1.4868958,-0.1173869,-3.7646177,278.4179688,1.0000000,0.0000000
-1.1363384,-0.2227114,-3.7590613,278.4705505,1.0000000,0.0000000
-1.6509749,-0.1924763,-3.6788173,278.5230103,1.0000000,0.0000000
-1.9439707,-0.1277280,-3.5596712,278.5755005,1.0000000,0.0000000
-0.9261467,-0.2934762,-3.6540117,278.6280212,1.0000000,0.0000000
-1.2574939,-0.3100644,-3.6638536,278.6804810,1.0000000,0.0000000
-0.7488559,-0.1887370,-3.6411560,278.7329407,0.0000000,0.0000000
-0.6571903,-0.2513341,-3.6206985,278.7854614,0.0000000,0.0000000
-0.5783164,-0.2440392,-3.6065600,278.8379822,0.0000000,0.0000000
-1.4320982,-0.1442801,-3.6127517,278.8905029,1.0000000,0.0000000
-0.7705250,-0.1795279,-3.5997531,278.9429321,0.0000000,0.0000000
-0.7882384,-0.2498044,-3.6340652,278.9955139,0.0000000,0.0000000
-0.6899297,-0.2383192,-3.6991689,279.0479431,0.0000000,0.0000000
-0.6654478,-0.2928045,-3.7417190,279.1005249,0.0000000,0.0000000
-0.7113690,-0.2157876,-3.7692568,279.1529541,0.0000000,0.0000000
-0.8149560,-0.3236902,-3.7611430,279.2054749,0.0000000,0.0000000
-0.4631142,-0.2332762,-3.8525553,279.2579651,0.0000000,0.0000000
-0.7791482,-0.0511433,-3.8342011,279.3105164,0.0000000,0.0000000
-0.9692774,-0.1551763,-3.8636861,279.3630066,0.0000000,0.0000000
-0.9470304,-0.1838153,-3.9028332,279.4154968,0.0000000,0.0000000
-0.8926809,-0.1697904,-3.9470298,279.4679565,0.0000000,0.0000000
-0.8850167,-0.1036724,-3.9819334,279.5205078,0.0000000,0.0000000
-0.8531819,-0.2909458,-4.0383353,279.5729675,0.0000000,0.0000000
-0.9172973,-0.1923938,-4.0224571,279.6254272,0.0000000,0.0000000
-0.9734684,-0.1745015,-3.9945912,279.6779785,0.0000000,0.0000000
-0.8596205,-0.2501267,-4.0581837,279.7304382,0.0000000,0.0000000
-1.0364361,-0.1874968,-4.0559402,279.7830505,0.0000000,0.0000000
-0.9328830,-0.2206584,-4.1195064,279.8355103,0.0000000,0.0000000
-1.1415159,-0.1685258,-4.1370702,279.8880615,0.0000000,0.0000000
-1.4281075,-0.2140247,-4.1667409,279.9404907,0.0000000,0.0000000
-1.3770072,-0.2253189,-4.1761255,279.9929810,0.0000000,0.0000000
-1.6747509,-0.3707786,-4.2368717,280.0454407,1.0000000,0.0000000
-1.5421679,-0.2784505,-4.2458758,280.0979919,1.0000000,0.0000000
-2.1013377,-0.2181822,-4.3144932,280.1504822,1.0000000,0.0000000
-1.6395125,-0.1769983,-4.2370992,280.2030029,1.0000000,0.0000000
-1.6165972,-0.3264258,-4.2326517,280.2554321,1.0000000,0.0000000
-2.9622326,-0.1944940,-4.3539987,280.3079224,1.0000000,0.0000000
-1.6091186,-0.2683726,-4.2771788,280.3604431,1.0000000,0.0000000
-1.7684940,-0.1058793,-4.2036018,280.4129944,1.0000000,0.0000000
-1.6495515,-0.2089489,-4.1821365,280.4654236,1.0000000,0.0000000
-1.6112577,-0.2996648,-4.1950626,280.5179749,1.0000000,0.0000000
-1.4284130,-0.2505260,-4.1521263,280.5704956,1.0000000,0.0000000
-1.4345554,-0.1572288,-4.1185884,280.6229553,1.0000000,0.0000000
-1.4265203,-0.2780145,-4.1008687,280.6754456,1.0000000,0.0000000
-1.3675020,-0.3024522,-4.0979667,280.7280273,1.0000000,0.0000000
-1.1567553,-0.2581466,-4.0751519,280.7804260,1.0000000,0.0000000
-1.0995837,-0.0576139,-3.9847291,280.8329773,1.0000000,0.0000000
-1.0046028,-0.2601852,-3.9428465,280.8854980,1.0000000,0.0000000
-0.8338081,-0.3330967,-3.9343836,280.9379883,1.0000000,0.0000000
-0.6901070,-0.1944137,-3.9025447,280.9905090,0.0000000,0.0000000
-1.7439964,-0.3516302,-3.7132845,281.0429993,1.0000000,0.0000000
-0.7144037,-0.3693165,-3.8515866,281.0954590,0.0000000,0.0000000
-1.0087678,-0.2330605,-3.7680006,281.1480103,0.0000000,0.0000000
-0.5454904,-0.3065197,-3.8044155,281.2005005,0.0000000,0.0000000
-0.6585827,-0.1435097,-3.8099377,281.2529602,0.0000000,0.0000000
-1.0936776,-0.3001322,-3.6949966,281.3054504,0.0000000,0.0000000
-0.2718739,-0.4628114,-3.8002222,281.3579407,0.0000000,0.0000000
-0.6837175,-0.2642016,-3.6856358,281.4104919,0.0000000,0.0000000
-0.4882038,-0.2902128,-3.8211730,281.4630127,0.0000000,0.0000000
-0.3388301,-0.3900381,-3.8608291,281.5155029,0.0000000,0.0000000
-0.4556730,-0.5208059,-3.8544850,281.5679626,0.0000000,0.0000000
-0.5333753,-0.3291950,-3.7427192,281.6205139,0.0000000,0.0000000
-0.4361020,-0.3892650,-3.6149485,281.6729126,0.0000000,0.0000000
-0.1598570,-0.2970608,-3.3552015,281.7254333,0.0000000,0.0000000
-0.1678071,-0.4879608,-3.2713597,281.7779236,0.0000000,0.0000000
-0.2726961,-0.0114984,-3.6943889,281.8305054,0.0000000,0.0000000
-0.4965168,-0.4389951,-3.2532551,281.8829346,0.0000000,0.0000000
-0.2634059,-0.5516988,-3.2043829,281.9354858,0.0000000,0.0000000
-0.2389524,-0.5375879,-3.1039047,281.9879456,0.0000000,0.0000000
-0.2312876,-0.5250748,-3.0580225,282.0404358,0.0000000,0.0000000
0.0079913,-0.2215892,-3.0425429,282.0929565,0.0000000,0.0000000
-0.2614294,-0.3044865,-3.0046151,282.1454773,0.0000000,0.0000000
-0.2246440,0.1580404,-3.6520398,282.1979980,0.0000000,0.0000000
-0.3951006,-0.2280092,-2.9474058,282.2504883,0.0000000,0.0000000
-0.4153344,-0.4249139,-2.8386402,282.3029785,0.0000000,0.0000000
-0.2917450,1.4691675,-4.9978228,282.3554993,0.0000000,0.0000000
0.0477194,-0.3384225,-2.8539269,282.4079590,0.0000000,0.0000000
0.0399139,-0.4737552,-2.5395834,282.4604797,0.0000000,0.0000000
-0.2060378,-0.5150052,-2.2355855,282.5130005,0.0000000,0.0000000
-0.1443523,-0.3385467,-2.1140997,282.5654297,0.0000000,0.0000000
-0.2087176,-0.5396086,-1.9019183,282.6179504,0.0000000,0.0000000
-0.3098409,-0.4739807,-1.9041814,282.6704102,0.0000000,0.0000000
-0.1586309,-0.4979631,-1.9811713,282.7229919,0.0000000,0.0000000
0.1284184,-0.589